global,time,se_sec_tcaq_lo_fe_zs
world,2016,85.48423
world,2017,86.18522
world,2018,85.18331
world,2019,85.39017
world,2020,85.06976
