global,time,it_net_secr_p6
world,2010,187.28257
world,2011,238.91748
world,2012,325.1432
world,2013,370.83936
world,2014,450.46367
world,2015,573.38996
world,2016,1267.44963
world,2017,3518.97909
world,2018,6171.85019
world,2019,9988.73857
world,2020,11514.66785
