global,time,sh_h2o_basw_zs
world,2000,80.44434
world,2001,80.77958
world,2002,81.47952
world,2003,82.04044
world,2004,82.59353
world,2005,83.96169
world,2006,84.47719
world,2007,84.98586
world,2008,85.49464
world,2009,85.99015
world,2010,86.48002
world,2011,86.8926
world,2012,87.36322
world,2013,87.83176
world,2014,88.30129
world,2015,88.76084
world,2016,89.19391
world,2017,89.59811
