global,time,dt_nfl_unctad_cd
world,2020,2357100.96359
world,2021,1797520.99514
world,2022,4505168.91479
world,2023,3368798.0175
