global,time,sh_dyn_ncom_zs
world,2000,22.90559
world,2001,22.62079
world,2002,22.50696
world,2003,22.2997
world,2004,21.8423
world,2005,21.56119
world,2006,21.12441
world,2007,20.83465
world,2008,20.66259
world,2009,20.41546
world,2010,20.26824
world,2011,20.02776
world,2012,19.76898
world,2013,19.31307
world,2014,19.04508
world,2015,18.98374
world,2016,18.89884
world,2017,18.6007
world,2018,18.42471
world,2019,18.28389
