global,time,sh_xpd_chex_gd_zs
world,2000,8.61492
world,2001,9.00108
world,2002,9.34256
world,2003,9.49853
world,2004,9.3892
world,2005,9.31893
world,2006,9.24188
world,2007,9.07236
world,2008,9.07484
world,2009,9.81657
world,2010,9.48082
world,2011,9.35825
world,2012,9.37084
world,2013,9.34043
world,2014,9.44726
world,2015,9.72403
world,2016,9.85942
world,2017,9.74547
world,2018,9.66974
world,2019,9.79946
world,2020,10.8446
world,2021,10.33694
