global,time,dt_nfl_whol_cd
world,2009,436790008.54492
world,2010,366239990.23438
world,2011,452290008.54492
world,2012,397081634.52148
world,2013,473773193.35938
world,2014,471009307.86133
world,2015,664051086.42578
world,2016,534387512.20703
world,2017,529744812.01172
world,2018,518376586.91406
