global,time,nv_ind_manf_kd_zg
world,1998,1.43478
world,1999,3.4502
world,2000,6.38563
world,2001,-1.13954
world,2002,1.43762
world,2003,3.70697
world,2004,5.54707
world,2005,3.65159
world,2006,5.60148
world,2007,4.38171
world,2008,-0.23753
world,2009,-9.84755
world,2010,8.57606
world,2011,2.78834
world,2012,0.60178
world,2013,1.66518
world,2014,2.81785
world,2015,2.51012
world,2016,1.6146
world,2017,3.8681
world,2018,3.26325
world,2019,0.73672
world,2020,-4.22076
world,2021,7.80398
