global,time,gc_xpn_intp_rv_zs
world,2002,8.58762
world,2003,8.74948
world,2004,6.86472
world,2005,6.10438
world,2006,5.8007
world,2007,4.66853
world,2008,4.68812
world,2009,4.94717
world,2010,4.97611
world,2011,5.12123
world,2012,5.06487
world,2013,5.34515
world,2014,5.18624
world,2015,5.36124
world,2016,6.2623
world,2017,6.21034
world,2018,6.27949
world,2019,5.97799
world,2020,6.25321
world,2021,5.94018
world,2022,4.93312
