global,time,gc_lbl_totl_gd_zs
world,2012,4.89666
world,2013,3.46015
world,2014,3.29249
world,2015,3.36186
world,2016,3.53749
world,2017,3.12964
world,2018,3.73478
world,2019,3.65913
world,2020,13.32422
