global,time,dt_nfl_unwn_cd
world,2021,56482369.17233
world,2022,59798153.09413
