global,time,sh_sta_bass_ur_zs
world,2000,77.58352
world,2001,77.94381
world,2002,78.29948
world,2003,78.65658
world,2004,79.03872
world,2005,79.44775
world,2006,79.8791
world,2007,80.34135
world,2008,80.80563
world,2009,81.27563
world,2010,81.75304
world,2011,82.19742
world,2012,82.69017
world,2013,83.19635
world,2014,83.71294
world,2015,84.2359
world,2016,84.76389
world,2017,85.30525
world,2018,85.82286
world,2019,86.32511
world,2020,86.81749
