global,time,gc_xpn_comp_zs
world,1999,18.71844
world,2001,20.56194
world,2002,21.02338
world,2003,20.89938
world,2004,21.01408
world,2005,22.66822
world,2006,22.4185
world,2007,24.14115
world,2008,21.26788
world,2009,22.37652
world,2010,23.07871
world,2011,22.90435
world,2012,23.45151
world,2013,21.56532
world,2014,22.77762
world,2015,23.83871
world,2016,24.057
world,2017,23.34933
world,2018,23.38318
world,2019,23.48424
world,2020,21.84595
world,2021,20.31544
world,2022,18.97086
