global,time,ms_mil_xpnd_zs
world,1995,5.18406
world,1996,5.27687
world,1997,5.43869
world,2001,6.70909
world,2002,6.84558
world,2003,6.88794
world,2004,6.9816
world,2005,7.00301
world,2006,7.04686
world,2007,6.88955
world,2008,6.6712
world,2009,6.6369
world,2010,6.70586
world,2011,6.49464
world,2012,6.50449
world,2013,6.42879
world,2014,6.34311
world,2015,6.49437
world,2016,6.27562
world,2017,6.27604
world,2018,6.09475
world,2019,6.09986
world,2020,5.46145
