global,time,sh_dyn_ncom_fe_zs
world,2000,18.90151
world,2005,17.708
world,2010,16.58393
world,2015,15.8254
world,2016,15.65099
