global,time,sh_sgr_crsk_zs
world,2003,49.92805
world,2004,48.48566
world,2005,48.0167
world,2006,44.4353
world,2007,42.36321
world,2008,38.68255
world,2009,36.26255
world,2010,35.20686
world,2011,31.77016
world,2012,31.66368
world,2013,29.15545
world,2014,28.16702
world,2015,26.3844
world,2016,24.99145
world,2017,23.90174
world,2018,22.72639
world,2019,21.91201
world,2020,21.27479
