global,time,gc_tax_ypkg_rv_zs
world,2002,24.85523
world,2003,24.89723
world,2004,24.25742
world,2005,23.80263
world,2006,24.85204
world,2007,24.5775
world,2008,26.42329
world,2009,24.96951
world,2010,24.56518
world,2011,24.64484
world,2012,24.11634
world,2013,24.64268
world,2014,25.12965
world,2015,25.3416
world,2016,26.51968
world,2017,25.33341
world,2018,26.19275
