global,time,sl_tlf_cact_ne_zs
world,2000,64.50629
world,2001,64.97875
world,2005,63.26467
world,2006,64.41245
world,2009,64.37527
world,2010,62.16455
world,2011,64.13714
world,2012,61.652
world,2013,64.28378
world,2014,63.75404
world,2015,64.39396
world,2016,63.90642
world,2019,58.10688
