global,time,dt_nfl_sdgf_cd
world,2021,56980270.38574
world,2022,59126026.15356
world,2023,18854822.15881
