global,time,gc_xpn_intp_zs
world,2002,9.1487
world,2003,9.15217
world,2004,8.45694
world,2005,6.50889
world,2006,6.60202
world,2007,6.07561
world,2008,5.77715
world,2009,5.48574
world,2010,5.49192
world,2011,5.34223
world,2012,5.64756
world,2013,5.69144
world,2014,5.70031
world,2015,5.8504
world,2016,6.30528
world,2017,6.47628
world,2018,6.4985
