global,time,sh_h2o_basw_ur_zs
world,2000,95.02531
world,2001,95.06782
world,2002,95.13016
world,2003,95.1943
world,2004,95.25448
world,2005,95.28505
world,2006,95.34652
world,2007,95.41604
world,2008,95.48165
world,2009,95.54706
world,2010,95.61243
world,2011,95.65468
world,2012,95.72589
world,2013,95.79936
world,2014,95.87565
world,2015,95.97874
world,2016,96.06374
world,2017,96.15889
world,2018,96.26033
world,2019,96.34668
world,2020,96.42018
world,2021,96.48294
world,2022,96.55665
