global,time,sh_sta_odfc_zs
world,2000,21.96215
world,2001,21.17229
world,2002,20.33599
world,2003,19.57885
world,2004,18.81545
world,2005,17.99217
world,2006,17.11549
world,2007,16.33808
world,2008,15.53742
world,2009,14.74914
world,2010,13.95995
world,2011,13.25413
world,2012,12.46231
world,2013,11.67136
world,2014,10.87846
world,2015,10.13964
world,2016,9.34799
world,2017,8.70192
world,2018,7.93615
world,2019,7.19263
world,2020,6.48041
