global,time,sl_tlf_cact_fm_ne_zs
world,2000,66.823
world,2010,66.95249
world,2012,61.11061
world,2019,62.63541
world,2022,64.7112
