global,time,sh_sta_odfc_zs
world,2000,22.05931
world,2001,21.23291
world,2002,20.42592
world,2003,19.68989
world,2004,18.94853
world,2005,18.14586
world,2006,17.1318
world,2007,16.38232
world,2008,15.63172
world,2009,14.86877
world,2010,14.10493
world,2011,13.42223
world,2012,12.65685
world,2013,11.88784
world,2014,11.12503
world,2015,10.41256
world,2016,9.65362
world,2017,9.05372
