global,time,gc_tax_intt_rv_zs
world,2002,5.83927
world,2003,5.6336
world,2004,5.42307
world,2005,5.41415
world,2006,4.99207
world,2007,5.1232
world,2008,4.61081
world,2009,4.34868
world,2010,4.12335
world,2011,4.39538
world,2012,4.23177
world,2013,4.11621
world,2014,3.78724
world,2015,4.55486
world,2016,4.38824
world,2017,4.42335
world,2018,3.54819
