global,time,eg_elc_accs_ru_zs
world,2000,66.47637
world,2001,65.16041
world,2002,67.23983
world,2003,67.29667
world,2004,67.49851
world,2005,67.53407
world,2006,68.92936
world,2007,69.33583
world,2008,69.88839
world,2009,71.74551
world,2010,72.11055
world,2011,68.96345
world,2012,74.0844
world,2013,74.12466
world,2014,74.85656
world,2015,76.02658
world,2016,78.10557
world,2017,79.68282
world,2018,80.93864
world,2019,82.53383
