global,time,sh_xpd_oopc_ch_zs
world,2000,19.11314
world,2001,18.76364
world,2002,18.25874
world,2003,18.3155
world,2004,18.26361
world,2005,18.47838
world,2006,18.60216
world,2007,18.66654
world,2008,18.72008
world,2009,18.12289
world,2010,18.92655
world,2011,19.02382
world,2012,19.07634
world,2013,19.40153
world,2014,19.13736
world,2015,18.69415
world,2016,18.55745
