global,time,it_net_secr_p6
world,2010,186.00993
world,2011,237.22266
world,2012,322.67036
world,2013,367.81676
world,2014,446.59123
world,2015,568.27007
world,2016,1256.00169
world,2017,3486.88959
world,2018,6115.57678
world,2019,9899.30871
world,2020,11416.27741
