global,time,ic_imp_tmbc
world,2014,76.3107
world,2015,76.25585
world,2016,76.775
world,2017,74.58989
world,2018,70.31436
