global,time,se_sec_uner_lo_ma_zs
world,1998,23.34885
world,1999,23.40722
world,2000,22.73478
world,2001,22.4338
world,2002,21.55015
world,2003,20.03935
world,2004,19.4076
world,2005,18.65255
world,2006,18.42465
world,2007,17.62507
world,2008,17.55857
world,2009,17.41387
world,2010,16.92645
world,2011,16.79253
world,2012,16.48382
world,2013,16.62081
world,2014,16.7978
world,2015,15.96616
world,2016,15.76777
world,2017,15.51708
world,2018,15.40304
world,2019,15.33097
