global,time,sl_emp_totl_sp_ne_zs
world,2000,61.66198
world,2005,61.25557
world,2010,58.70805
world,2011,60.94955
world,2012,59.01105
world,2013,61.28036
world,2017,60.04845
world,2018,57.56148
