global,time,sl_uem_neet_me_zs
world,2005,22.81557
world,2006,22.62939
world,2007,22.34061
world,2008,22.14782
world,2009,22.25456
world,2010,22.01046
world,2011,21.58841
world,2012,21.30451
world,2013,21.31668
world,2014,21.25419
world,2015,21.33269
world,2016,21.48059
world,2017,21.50413
world,2018,21.51601
world,2019,21.43935
world,2020,23.24016
world,2021,21.85495
world,2022,20.98188
world,2023,20.4007
world,2024,20.41453
