global,time,er_h2o_fwag_zs
world,2014,71.42798
world,2015,71.80811
world,2016,70.70569
world,2017,71.89223
world,2018,71.8591
world,2019,71.81002
