global,time,sl_uem_neet_ma_me_zs
world,2005,13.32391
world,2006,13.10299
world,2007,12.92325
world,2008,12.88258
world,2009,13.20666
world,2010,13.05902
world,2011,12.74017
world,2012,12.54987
world,2013,12.63717
world,2014,12.67568
world,2015,12.91364
world,2016,13.15757
world,2017,13.34508
world,2018,13.50773
world,2019,13.54824
world,2020,15.75447
world,2021,14.28939
world,2022,13.29113
world,2023,13.07028
