global,time,sh_sta_bass_zs
world,2000,55.31743
world,2001,56.18258
world,2002,57.39979
world,2003,58.55495
world,2004,59.71887
world,2005,60.90417
world,2006,62.09871
world,2007,63.30287
world,2008,64.51207
world,2009,65.7115
world,2010,66.89978
world,2011,67.99279
world,2012,69.17996
world,2013,70.36903
world,2014,71.55852
world,2015,72.7482
world,2016,73.92877
world,2017,74.97966
world,2018,76.09209
world,2019,77.17703
world,2020,78.23001
world,2021,79.50975
world,2022,80.50412
