global,time,sh_xpd_ghed_pp_cd
world,2000,324.84798
world,2001,349.69795
world,2002,370.79571
world,2003,389.98317
world,2004,411.89292
world,2005,435.58572
world,2006,472.3463
world,2007,501.64086
world,2008,537.38763
world,2009,580.9795
world,2010,595.07904
world,2011,626.16489
world,2012,649.78349
world,2013,681.26444
world,2014,712.72888
world,2015,739.39951
world,2016,761.55891
world,2017,788.70003
world,2018,823.99816
world,2019,860.68457
