global,time,nv_ind_manf_kd_zg
world,1998,1.55374
world,1999,3.43026
world,2000,6.43225
world,2001,-1.0554
world,2002,1.41232
world,2003,3.69312
world,2004,5.52623
world,2005,3.64229
world,2006,5.64609
world,2007,4.33376
world,2008,-0.29585
world,2009,-9.88505
world,2010,8.48308
world,2011,2.80436
world,2012,0.62062
world,2013,1.63871
world,2014,2.84347
world,2015,2.52659
world,2016,1.57407
world,2017,3.87207
world,2018,3.26935
world,2019,0.69957
world,2020,-4.15094
world,2021,8.12803
