global,time,se_prm_tcaq_fe_zs
world,2014,88.43864
world,2015,87.80875
world,2016,86.71832
world,2017,87.29272
world,2018,88.25391
world,2019,87.69049
world,2020,87.65593
world,2021,87.51756
world,2022,86.45257
