global,time,gc_xpn_intp_rv_zs
world,2002,9.5508
world,2003,9.01609
world,2004,7.42072
world,2005,6.10511
world,2006,5.8007
world,2007,5.594
world,2008,4.77954
world,2009,5.63746
world,2010,5.16337
world,2011,5.38883
world,2012,5.2767
world,2013,5.34515
world,2014,5.26324
world,2015,5.84978
world,2016,6.21312
world,2017,6.08641
world,2018,6.10135
world,2019,5.97799
world,2020,6.05539
world,2021,5.68722
