global,time,ic_reg_cost_pc_zs
world,2003,400.37053
world,2004,329.73842
world,2005,300.56684
world,2006,251.24526
world,2007,187.43684
world,2008,146.23421
world,2009,102.37895
world,2010,99.30842
world,2011,82.50632
world,2012,82.80789
world,2013,78.52789
world,2014,67.23158
world,2015,20.66158
world,2016,13.60895
world,2017,10.39947
world,2018,6.10209
world,2019,5.42408
