global,time,sh_sta_wast_zs
world,2000,8.72899
world,2001,8.66311
world,2002,8.59863
world,2003,8.52398
world,2004,8.43639
world,2005,8.34131
world,2006,8.23333
world,2007,8.1094
world,2008,7.97856
world,2009,7.84889
world,2010,7.72808
world,2011,7.61603
world,2012,7.50445
world,2013,7.39881
world,2014,7.29735
world,2015,7.19641
world,2016,7.10043
world,2017,7.01009
world,2018,6.93469
world,2019,6.87734
world,2020,6.83433
world,2021,6.80485
world,2022,6.78576
