global,time,se_xpd_totl_gb_zs
world,2000,14.09673
world,2001,14.4935
world,2002,14.57806
world,2003,14.5076
world,2004,14.11914
world,2005,13.90454
world,2006,14.15326
world,2007,13.9022
world,2008,14.13899
world,2009,13.4691
world,2010,13.42881
world,2011,13.62516
world,2012,14.00663
world,2013,14.00463
world,2014,13.73432
world,2015,14.10989
world,2016,13.99764
world,2017,14.34315
world,2018,14.49097
world,2019,13.82598
world,2020,12.84604
world,2021,12.78003
world,2022,13.82945
