global,time,sh_alc_pcap_fe_li
world,2000,2.41244
world,2005,2.39489
world,2010,2.68782
world,2015,2.66006
world,2018,2.60704
