global,time,dc_dac_hunl_cd
world,2005,39579998.01636
world,2006,84340003.96729
world,2007,33020000.45776
world,2008,15449999.80927
world,2009,29600000.38147
world,2010,28359998.703
world,2011,33150001.52588
world,2012,21770000.45776
world,2013,34270000.45776
world,2014,30090000.15259
world,2015,47319999.69482
world,2016,54750000
world,2017,39299999.23706
world,2018,129110000.61035
world,2019,158559997.55859
world,2020,225869995.11719
world,2021,253210006.71387
world,2022,289030000.60469
