global,time,gc_tax_othr_rv_zs
world,2003,1.13606
world,2004,1.6959
world,2005,2.00086
world,2006,1.93004
world,2007,1.3585
world,2008,1.10668
world,2009,1.22399
world,2010,1.21126
world,2011,1.24799
world,2012,1.00985
world,2013,0.94201
world,2014,0.7635
world,2015,0.99544
world,2016,1.06633
world,2017,1.07493
world,2018,0.83169
world,2019,0.93855
world,2020,0.9353
world,2021,0.85083
world,2022,0.65115
world,2023,0.83116
