global,time,gc_lbl_totl_gd_zs
world,2012,4.97749
world,2013,3.4962
world,2014,3.26999
world,2015,3.33307
world,2016,3.54945
world,2017,3.14664
world,2018,3.76147
world,2019,3.62235
world,2020,13.25709
world,2021,5.31122
