global,time,eg_cft_accs_ur_zs
world,2000,76.20086
world,2001,76.64546
world,2002,77.07017
world,2003,77.53318
world,2004,78.06652
world,2005,78.58164
world,2006,79.17764
world,2007,79.786
world,2008,80.44789
world,2009,81.14734
world,2010,81.7852
world,2011,82.45564
world,2012,83.00295
world,2013,83.64467
world,2014,84.20303
world,2015,84.68133
world,2016,85.18739
world,2017,85.62566
world,2018,86.10589
world,2019,86.44338
world,2020,86.74954
world,2021,86.99194
