global,time,sl_tlf_acti_1524_ne_zs
world,2000,52.72969
world,2010,45.63583
world,2019,39.25411
