global,time,sh_h2o_basw_zs
world,2000,80.2366
world,2001,80.59077
world,2002,81.27876
world,2003,81.82075
world,2004,82.3564
world,2005,83.69575
world,2006,84.18859
world,2007,84.67557
world,2008,85.15101
world,2009,85.6218
world,2010,86.08414
world,2011,86.46762
world,2012,86.91098
world,2013,87.34916
world,2014,87.78219
world,2015,88.25717
world,2016,88.67926
world,2017,89.05633
world,2018,89.47526
world,2019,89.87427
world,2020,90.25775
world,2021,90.67032
world,2022,91.08458
