global,time,tm_val_ictg_zs_un
world,2000,15.3941
world,2001,14.58642
world,2002,14.33243
world,2003,14.12347
world,2004,14.25225
world,2005,13.56775
world,2006,13.45888
world,2007,12.64715
world,2008,11.52558
world,2009,12.56698
world,2010,12.6389
world,2011,11.22926
world,2012,11.19091
world,2013,11.17187
world,2014,11.36351
world,2015,12.65836
world,2016,12.84492
world,2017,12.95191
world,2018,12.85309
