global,time,sh_xpd_pvtd_pc_cd
world,2000,201.44924
world,2001,206.70125
world,2002,219.53296
world,2003,243.88154
world,2004,263.94814
world,2005,280.48867
world,2006,297.69159
world,2007,322.62417
world,2008,341.08605
world,2009,340.16808
world,2010,355.06997
world,2011,378.05379
world,2012,384.7613
world,2013,391.38814
world,2014,395.89265
world,2015,383.8691
world,2016,393.91621
world,2017,410.92154
world,2018,426.12422
world,2019,433.01474
world,2020,425.28919
world,2021,463.69376
