global,time,nv_ind_totl_zs
world,1995,31.91831
world,1996,31.86255
world,1997,29.53712
world,1998,28.88212
world,1999,28.76
world,2000,29.02352
world,2001,28.22869
world,2002,27.84512
world,2003,27.90941
world,2004,28.26793
world,2005,28.59432
world,2006,28.84269
world,2007,28.58832
world,2008,28.42123
world,2009,26.71798
world,2010,27.19448
world,2011,27.38159
world,2012,26.97719
world,2013,26.60486
world,2014,26.38739
world,2015,25.5528
world,2016,25.12076
world,2017,25.43694
