global,time,st_int_xpnd_mp_zs
world,1995,7.44549
world,1996,7.7234
world,1997,7.54016
world,1998,7.60934
world,1999,7.35997
world,2000,6.69675
world,2001,6.84603
world,2002,6.90233
world,2003,6.51178
world,2004,6.19902
world,2005,6.04129
world,2006,5.5694
world,2007,5.6164
world,2008,5.3038
world,2009,6.18293
world,2010,5.72394
world,2011,5.32728
world,2012,5.1853
world,2013,5.30758
world,2014,5.4737
world,2015,5.66136
world,2016,5.83579
world,2017,5.82276
world,2018,5.72996
world,2019,6.00966
