global,time,ic_exp_tmbc
world,2014,60.72888
world,2015,60.28883
world,2016,59.55957
world,2017,58.15
world,2018,55.66117
