global,time,sh_xpd_ghed_pc_cd
world,2000,272.67067
world,2001,280.43868
world,2002,298.5894
world,2003,339.2334
world,2004,377.03944
world,2005,400.93582
world,2006,427.46534
world,2007,470.85979
world,2008,518.46265
world,2009,535.12951
world,2010,556.23945
world,2011,608.97545
world,2012,611.55747
world,2013,623.5156
world,2014,767.31941
world,2015,744.57508
world,2016,762.54329
