global,time,sl_emp_totl_sp_ne_zs
world,2000,60.79213
world,2005,61.106
world,2010,58.95358
world,2011,60.20113
world,2012,58.71758
world,2013,60.96948
world,2014,60.40223
world,2015,61.15171
world,2016,60.38858
world,2017,60.34313
world,2018,56.93762
world,2019,57.47051
