global,time,gc_xpn_gsrv_zs
world,2003,13.91316
world,2004,13.23154
world,2005,13.88073
world,2006,13.89375
world,2007,13.94784
world,2008,13.05216
world,2009,12.89778
world,2010,13.54679
world,2011,13.43508
world,2012,14.06823
world,2013,13.9525
world,2014,13.81746
world,2015,14.24465
world,2016,13.38223
world,2017,13.89301
world,2018,13.1811
world,2019,12.61702
world,2020,11.51904
world,2021,12.44891
world,2022,11.56495
