global,time,sp_pop_scie_rd_p6
world,2000,1075.21475
world,2005,1204.3951
world,2010,1282.40087
world,2015,1438.13791
