global,time,sh_sta_bass_ur_zs
world,2000,77.50942
world,2001,77.85333
world,2002,78.18084
world,2003,78.50536
world,2004,78.84475
world,2005,79.20722
world,2006,79.84374
world,2007,80.24331
world,2008,80.64446
world,2009,81.05227
world,2010,81.46507
world,2011,81.84247
world,2012,82.26628
world,2013,82.69682
world,2014,83.1248
world,2015,83.54445
world,2016,83.95943
world,2017,84.41062
