global,time,sl_uem_totl_ne_zs
world,1994,4.83742
world,1996,5.57009
world,1999,6.14504
world,2000,5.30768
world,2001,5.99588
world,2003,6.40565
world,2005,5.49609
world,2006,5.76165
world,2007,5.47974
world,2009,6.24895
world,2010,5.38892
world,2011,5.84636
world,2012,5.34952
world,2013,5.61735
world,2014,5.58234
world,2017,5.68845
world,2018,5.25795
world,2019,5.68597
