global,time,gc_xpn_comp_zs
world,2002,21.03121
world,2003,21.06757
world,2004,21.06442
world,2005,23.00084
world,2006,22.11846
world,2007,23.33131
world,2008,21.01113
world,2009,21.84702
world,2010,21.76409
world,2011,22.35288
world,2012,22.40363
world,2013,20.90241
world,2014,21.81161
world,2015,22.48706
world,2016,21.99442
world,2017,21.8239
world,2018,22.01374
world,2019,21.62326
world,2020,19.39114
