global,time,dc_dac_poll_cd
world,2005,47950000.76294
world,2006,121860000.61035
world,2007,155699996.94824
world,2008,83949996.94824
world,2009,92019996.64307
world,2010,96779998.7793
world,2011,90659996.03271
world,2012,111529998.7793
world,2013,127069999.69482
world,2014,82290000.91553
world,2015,100120002.74658
world,2016,148990005.49316
world,2017,222110000.61035
world,2018,238020004.27246
