global,time,sh_xpd_ghed_gd_zs
world,2000,4.98366
world,2001,5.20629
world,2002,5.39749
world,2003,5.53168
world,2004,5.52792
world,2005,5.47475
world,2006,5.44566
world,2007,5.37557
world,2008,5.46347
world,2009,5.95923
world,2010,5.75061
world,2011,5.73699
world,2012,5.70814
world,2013,5.66908
world,2014,5.75164
world,2015,5.89403
world,2016,5.94166
world,2017,5.87518
world,2018,5.87018
