global,time,en_atm_pm25_mc_m3
world,1990,44.26168
world,1995,44.88187
world,2000,45.93538
world,2005,48.36378
world,2010,50.25195
world,2011,50.77086
world,2012,47.53284
world,2013,47.94744
world,2014,45.94375
world,2015,47.23087
world,2016,45.15638
world,2017,45.52856
