global,time,fx_own_totl_60_zs
world,2011,57.00988
world,2014,66.6017
world,2017,74.54696
world,2021,77.02353
world,2024,82.98681
