global,time,sh_h2o_basw_zs
world,2000,80.27933
world,2001,80.63761
world,2002,81.32773
world,2003,81.87013
world,2004,82.40759
world,2005,83.75017
world,2006,84.24432
world,2007,84.73243
world,2008,85.20923
world,2009,85.6818
world,2010,86.14569
world,2011,86.52946
world,2012,86.97235
world,2013,87.41176
world,2014,87.84556
world,2015,88.32431
world,2016,88.74506
world,2017,89.1253
world,2018,89.54689
world,2019,89.94709
world,2020,90.33177
world,2021,90.74545
world,2022,91.15492
