global,time,sl_uem_neet_fe_me_zs
world,2005,32.79697
world,2006,32.65979
world,2007,32.2684
world,2008,31.9234
world,2009,31.80948
world,2010,31.47612
world,2011,30.96056
world,2012,30.5916
world,2013,30.53371
world,2014,30.3759
world,2015,30.29623
world,2016,30.35288
world,2017,30.19565
world,2018,30.02777
world,2019,29.81629
world,2020,31.1807
world,2021,29.8789
world,2022,29.13489
world,2023,28.17793
world,2024,28.19616
