global,time,st_int_xpnd_mp_zs
world,1995,7.44549
world,1996,7.7234
world,1997,7.53836
world,1998,7.60797
world,1999,7.35891
world,2000,6.69548
world,2001,6.845
world,2002,6.89937
world,2003,6.50939
world,2004,6.19638
world,2005,6.03823
world,2006,5.5651
world,2007,5.61153
world,2008,5.29829
world,2009,6.1769
world,2010,5.71574
world,2011,5.32107
world,2012,5.17833
world,2013,5.30171
world,2014,5.46854
world,2015,5.65547
world,2016,5.83086
world,2017,5.81766
world,2018,5.7288
world,2019,6.01222
