global,time,se_sec_tcaq_up_ma_zs
world,2016,84.64048
world,2017,85.48115
world,2018,88.10801
world,2019,82.10243
world,2020,81.90486
