global,time,gc_xpn_trft_zs
world,2002,40.40867
world,2003,38.09343
world,2004,39.54074
world,2005,40.48619
world,2006,39.66415
world,2007,38.92506
world,2008,40.57232
world,2009,44.38744
world,2010,41.8065
world,2011,42.44983
world,2012,42.36178
world,2013,42.79728
world,2014,41.70329
world,2015,40.40435
world,2016,41.14247
world,2017,40.35165
world,2018,40.5095
world,2019,40.44504
world,2020,44.25962
world,2021,44.24841
world,2022,44.90099
