global,time,er_mrn_ptmr_zs
world,2013,6.82893
world,2014,8.2967
world,2015,9.00621
world,2016,11.40533
world,2017,11.71979
world,2018,13.20323
world,2019,13.88252
world,2020,14.21288
world,2021,13.46641
world,2022,13.70424
world,2023,13.67968
world,2024,14.01483
