global,time,sh_sta_smss_ru_zs
world,2000,17.37706
world,2001,17.88439
world,2002,18.60723
world,2003,19.38761
world,2004,20.61138
world,2005,21.79194
world,2006,23.02435
world,2007,24.31918
world,2008,25.6402
world,2009,26.98313
world,2010,28.359
world,2011,29.71083
world,2012,31.14408
world,2013,32.59544
world,2014,34.09029
world,2015,35.61204
world,2016,37.15287
world,2017,38.67362
world,2018,40.16433
world,2019,41.68493
world,2020,43.00342
world,2021,44.63216
world,2022,45.859
