global,time,eg_elc_accs_zs
world,1998,72.658
world,1999,74.13647
world,2000,78.3064
world,2001,77.95436
world,2002,79.22554
world,2003,79.84174
world,2004,80.00706
world,2005,80.31476
world,2006,81.25727
world,2007,82.28593
world,2008,82.23623
world,2009,82.68045
world,2010,83.3255
world,2011,82.17255
world,2012,84.83253
world,2013,85.07169
world,2014,85.57632
world,2015,86.64411
world,2016,87.93619
world,2017,88.83105
world,2018,89.5703
