global,time,sh_xpd_oopc_pc_cd
world,2000,90.20771
world,2001,91.05398
world,2002,94.12385
world,2003,105.93489
world,2004,116.20405
world,2005,125.01479
world,2006,133.31106
world,2007,146.43517
world,2008,159.89065
world,2009,157.09253
world,2010,172.4278
world,2011,187.75425
world,2012,190.16449
world,2013,197.8315
world,2014,199.84887
world,2015,187.90349
world,2016,190.06058
