global,time,st_int_rcpt_xp_zs
world,1995,8.44366
world,1996,8.00023
world,1997,7.85328
world,1998,7.78492
world,1999,7.8908
world,2000,7.26424
world,2001,7.31123
world,2002,7.32224
world,2003,6.80981
world,2004,6.69007
world,2005,6.29645
world,2006,5.93009
world,2007,5.90106
world,2008,5.65979
world,2009,6.39106
world,2010,5.86389
world,2011,5.53792
world,2012,5.64214
world,2013,5.87369
world,2014,6.06901
world,2015,6.54512
world,2016,6.80951
world,2017,6.69189
world,2018,6.59384
