global,time,tx_val_tech_mf_zs
world,2007,20.77935
world,2008,19.7814
world,2009,21.47757
world,2010,20.50073
world,2011,18.64838
world,2012,18.85898
world,2013,18.94025
world,2014,19.02052
world,2015,19.89366
world,2016,20.07288
world,2017,20.54113
world,2018,20.51725
world,2019,20.64624
world,2020,21.91125
world,2021,21.84071
world,2022,19.11203
