global,time,sp_pop_scie_rd_p6
world,2000,1076.26394
world,2005,1190.14253
world,2010,1261.25478
world,2015,1375.28726
world,2018,1516.09006
