global,time,sl_uem_totl_ne_zs
world,1994,4.91543
world,1996,5.62527
world,1999,6.22665
world,2000,5.48635
world,2001,6.05631
world,2003,6.46582
world,2005,5.81423
world,2006,5.72764
world,2007,5.53874
world,2009,6.3202
world,2010,5.48592
world,2011,5.80478
world,2012,5.43268
world,2013,5.61359
world,2014,5.56824
world,2017,5.61965
world,2018,5.9662
world,2019,5.89114
world,2020,6.68586
world,2021,6.19402
