global,time,sh_sta_odfc_ru_zs
world,2000,37.13429
world,2001,35.97468
world,2002,34.91929
world,2003,33.9462
world,2004,32.9557
world,2005,31.93071
world,2006,30.69954
world,2007,29.64173
world,2008,28.57264
world,2009,27.46546
world,2010,26.33933
world,2011,25.3142
world,2012,24.14049
world,2013,22.94287
world,2014,21.74409
world,2015,20.54789
world,2016,19.3286
world,2017,18.29278
