global,time,sl_tlf_cact_ne_zs
world,2000,63.64262
world,2001,64.58543
world,2005,63.88588
world,2009,64.23703
world,2010,62.17229
world,2011,63.55127
world,2012,61.72304
world,2013,64.20051
world,2014,63.63572
world,2015,64.3109
world,2016,63.88205
world,2018,60.27837
world,2019,58.4455
world,2022,59.36378
