global,time,sh_dyn_ncom_ma_zs
world,2000,27.25502
world,2001,26.87643
world,2002,26.63506
world,2003,26.38946
world,2004,25.897
world,2005,25.61223
world,2006,25.12115
world,2007,24.88292
world,2008,24.77745
world,2009,24.56121
world,2010,24.40901
world,2011,24.10994
world,2012,23.78612
world,2013,23.23683
world,2014,22.82834
world,2015,22.73024
world,2016,22.61497
world,2017,22.20764
world,2018,21.96544
world,2019,21.75619
