global,time,gc_tax_totl_gd_zs
world,1991,14.2061
world,1992,13.94021
world,1993,13.76557
world,1999,15.40535
world,2005,14.06957
world,2006,14.54024
world,2007,14.76325
world,2008,14.36259
world,2009,13.1481
world,2010,13.33611
world,2011,13.68129
world,2012,13.73255
world,2013,13.9513
world,2014,13.93437
world,2015,13.94218
world,2016,13.82374
world,2017,14.10317
world,2018,13.81703
world,2019,13.7217
world,2020,13.59996
world,2021,14.25423
world,2022,14.33784
