global,time,sm_pop_totl_zs
world,1990,2.86013
world,1995,2.80433
world,2000,2.82087
world,2005,2.93339
world,2010,3.16498
world,2015,3.30722
