global,time,gc_xpn_intp_rv_zs
world,1999,9.80987
world,2002,7.95103
world,2003,8.06038
world,2004,6.86472
world,2005,6.07466
world,2006,5.79784
world,2007,4.75137
world,2008,4.71542
world,2009,5.37502
world,2010,4.89459
world,2011,5.17431
world,2012,5.17517
world,2013,5.35872
world,2014,5.26239
world,2015,5.39815
world,2016,6.26227
world,2017,6.14783
world,2018,6.33327
world,2019,6.0895
world,2020,6.37662
world,2021,6.03488
world,2022,5.18878
world,2023,6.77348
