global,time,gc_xpn_trft_zs
world,2002,40.3976
world,2003,37.1062
world,2004,37.0577
world,2005,38.12708
world,2006,37.77231
world,2007,38.16954
world,2008,40.30894
world,2009,42.93837
world,2010,41.8299
world,2011,42.86935
world,2012,42.61906
world,2013,42.85379
world,2014,41.73349
world,2015,40.58608
world,2016,42.05521
world,2017,41.28552
world,2018,42.05282
world,2019,43.65432
world,2020,47.31202
