global,time,sl_uem_totl_ne_zs
world,1994,4.95673
world,1996,5.62593
world,1999,6.24938
world,2000,5.54978
world,2003,6.43344
world,2005,5.78885
world,2009,6.33699
world,2010,5.48048
world,2011,5.91975
world,2012,5.43876
world,2013,5.65019
world,2014,5.60792
world,2017,5.60942
world,2018,5.97889
world,2019,5.86418
world,2020,6.71582
world,2021,6.20663
