global,time,eg_egy_prim_pp_kd
world,2000,6.05759
world,2001,5.98055
world,2002,5.93353
world,2003,5.89895
world,2004,5.85706
world,2005,5.75045
world,2006,5.62442
world,2007,5.48384
world,2008,5.39553
world,2009,5.38954
world,2010,5.40902
world,2011,5.29999
world,2012,5.21191
world,2013,5.12375
world,2014,5.01758
world,2015,4.85842
world,2016,4.75234
world,2017,4.67694
world,2018,4.63144
world,2019,4.56887
world,2020,4.58102
world,2021,4.54728
