global,time,en_pop_slum_ur_zs
world,1990,47.27477
world,2000,39.66155
world,2005,35.39045
world,2007,34.03237
world,2009,33.08391
world,2014,29.76152
