global,time,ic_imp_csdc_cd
world,2014,159.82567
world,2015,160.57128
world,2016,161.78457
world,2017,161.51489
world,2018,160.23617
