global,time,sh_sta_pois_p5_fe
world,2000,0.6655
world,2001,0.67839
world,2002,0.69921
world,2003,0.72512
world,2004,0.7331
world,2005,0.73443
world,2006,0.70874
world,2007,0.69517
world,2008,0.6957
world,2009,0.70552
world,2010,0.69587
world,2011,0.68288
world,2012,0.66957
world,2013,0.65692
world,2014,0.64499
world,2015,0.62638
world,2016,0.61559
world,2017,0.59754
world,2018,0.59195
world,2019,0.57899
world,2020,0.55428
world,2021,0.55802
