global,time,gc_xpn_comp_zs
world,2001,21.31479
world,2002,21.10335
world,2003,20.89938
world,2004,21.03113
world,2005,22.52158
world,2006,21.73124
world,2007,23.33131
world,2008,20.81361
world,2009,21.44515
world,2010,21.76409
world,2011,22.23329
world,2012,22.28802
world,2013,20.90241
world,2014,21.59629
world,2015,22.00609
world,2016,21.99442
world,2017,21.7718
world,2018,21.35671
