global,time,gc_rev_xgrt_gd_zs
world,1991,22.46715
world,1992,22.35386
world,1993,22.3589
world,1998,24.17462
world,1999,24.55801
world,2005,22.07314
world,2006,22.55423
world,2007,23.91093
world,2008,22.70466
world,2009,21.46076
world,2010,22.30424
world,2011,22.28256
world,2012,22.60726
world,2013,23.16894
world,2014,23.78918
world,2015,23.61735
world,2016,23.40232
world,2017,23.66294
world,2018,23.56881
world,2019,23.83011
world,2020,23.35884
world,2021,24.03362
world,2022,24.6823
