global,time,gc_rev_gotr_zs
world,2008,15.43479
world,2009,16.13538
world,2010,16.27107
world,2011,15.80386
world,2012,15.37798
world,2013,15.8504
world,2014,16.94854
world,2015,16.73037
world,2016,17.11031
world,2017,17.4691
world,2018,16.94795
world,2019,16.30258
world,2020,15.65667
