global,time,sh_sta_suic_p5
world,2000,12.87928
world,2005,12.31724
world,2010,11.47994
world,2015,10.7524
world,2016,10.63963
