global,time,sl_emp_totl_sp_ne_zs
world,2000,60.79222
world,2005,61.17244
world,2010,59.03813
world,2011,60.78177
world,2012,58.64071
world,2013,61.07386
world,2014,60.50018
world,2015,60.89078
world,2016,60.47075
world,2017,60.37034
world,2018,56.99767
world,2019,57.49436
