global,time,sh_sta_hygn_zs
world,2017,68.82125
world,2018,70.14799
world,2019,71.33831
world,2020,72.44964
world,2021,73.91359
world,2022,75.05738
world,2023,77.48647
world,2024,78.00654
