global,time,bx_trf_pwkr_cd
world,2008,268141151576.79553
world,2009,255423533550.61133
world,2010,273190829331.06528
world,2011,303767187125.72522
world,2012,323776134945.29999
world,2013,338981824997.86206
world,2014,358916273798.99365
world,2015,356308240734.16254
world,2016,351441271874.36334
world,2017,386513902504.03595
world,2018,421363400584.74066
world,2019,442198512191.21118
world,2020,449805475752.52527
world,2021,507563250433.26086
