global,time,sh_sta_orth
world,1986,20.04106
world,1987,24.79787
world,1989,34.70024
