global,time,bx_trf_pwkr_cd
world,2008,267070370497.80743
world,2009,254576636152.31848
world,2010,272478666009.06467
world,2011,302995142042.47894
world,2012,322904947927.03253
world,2013,338169758075.51001
world,2014,358162032985.00031
world,2015,355699950893.90533
world,2016,350777401592.26703
world,2017,385856064792.19568
world,2018,420499105878.90686
world,2019,440798028531.72443
world,2020,448731111436.38153
world,2021,505532691329.75751
