global,time,sh_xpd_oopc_pp_cd
world,2000,143.84032
world,2001,152.97631
world,2002,159.16073
world,2003,169.22864
world,2004,178.93301
world,2005,190.90293
world,2006,201.68538
world,2007,210.29294
world,2008,218.30902
world,2009,227.39062
world,2010,231.24025
world,2011,239.29212
world,2012,250.25727
world,2013,268.01789
world,2014,274.31095
world,2015,286.61757
world,2016,299.82248
world,2017,314.76989
