global,time,it_net_secr_p6
world,2010,187.28228
world,2011,238.91705
world,2012,325.29221
world,2013,371.00926
world,2014,450.46357
world,2015,573.65209
world,2016,1268.02626
world,2017,3520.57928
world,2018,6174.67052
world,2019,10049.5837
