global,time,tx_val_tech_mf_zs
world,2007,20.29837
world,2008,19.36228
world,2009,20.99508
world,2010,20.32936
world,2011,18.55882
world,2012,18.70532
world,2013,18.82848
world,2014,18.84053
world,2015,19.73436
world,2016,19.85003
world,2017,22.86696
world,2018,20.23622
world,2019,20.50447
world,2020,21.73415
