global,time,sl_emp_totl_sp_ne_zs
world,2000,60.8127
world,2005,61.15618
world,2010,58.9854
world,2011,60.69553
world,2012,58.76713
world,2013,60.99181
world,2014,60.43397
world,2015,60.83708
world,2016,60.41994
world,2017,60.37218
world,2018,56.96252
world,2019,57.49825
