global,time,gc_tax_intt_rv_zs
world,2002,5.39332
world,2003,6.12797
world,2004,5.09669
world,2005,5.14567
world,2006,4.46981
world,2007,4.39168
world,2008,3.76799
world,2009,3.51131
world,2010,3.6969
world,2011,3.83064
world,2012,3.71129
world,2013,3.26758
world,2014,3.50125
world,2015,3.59369
world,2016,3.58061
world,2017,3.51108
world,2018,3.27242
