global,time,er_h2o_fwtl_k3
world,2017,3951.97053
world,2018,3955.78385
