global,time,se_prm_tcaq_fe_zs
world,2012,91.0703
world,2013,88.98399
world,2014,88.44992
world,2015,87.93525
world,2016,86.44756
world,2017,87.3176
world,2018,88.42435
world,2019,87.92215
world,2020,87.86838
world,2021,88.32279
world,2022,87.28815
