global,time,tm_val_ictg_zs_un
world,2000,15.52611
world,2001,14.73369
world,2002,14.55282
world,2003,14.36209
world,2004,14.50561
world,2005,13.88302
world,2006,13.84851
world,2007,12.98753
world,2008,11.79932
world,2009,12.93677
world,2010,12.95975
world,2011,11.53455
world,2012,11.54421
world,2013,11.50236
world,2014,11.69852
world,2015,12.96472
world,2016,13.20133
world,2017,13.36105
world,2018,13.11054
world,2019,13.15257
world,2020,14.62373
world,2021,14.11912
world,2022,12.75734
