global,time,sh_xpd_ehex_ch_zs
world,2000,0.15311
world,2001,0.14633
world,2002,0.15738
world,2003,0.17683
world,2004,0.2441
world,2005,0.26656
world,2006,0.25892
world,2007,0.27133
world,2008,0.28875
world,2009,0.30379
world,2010,0.32041
world,2011,0.3376
world,2012,0.31928
world,2013,0.34072
world,2014,0.33409
world,2015,0.28459
world,2016,0.26343
world,2017,0.25523
world,2018,0.25008
world,2019,0.26276
world,2020,0.24545
world,2021,0.31723
world,2022,0.34297
