global,time,se_sec_tcaq_fe_zs
world,2016,87.67013
world,2017,87.85248
world,2018,87.14055
world,2019,85.86226
world,2020,85.58248
world,2021,86.66991
world,2022,85.88708
