global,time,sl_uem_totl_ne_zs
world,1994,4.83553
world,1996,5.56921
world,1999,6.14487
world,2000,5.30756
world,2002,6.53719
world,2003,6.42233
world,2005,5.50648
world,2006,5.7086
world,2007,5.46312
world,2009,6.25527
world,2010,5.39419
world,2011,5.86012
world,2012,5.40791
world,2013,5.63134
world,2014,5.56274
world,2017,5.7654
world,2018,5.28082
