global,time,sh_prv_smok_ma
world,2000,50.65675
world,2005,46.67209
world,2007,45.05032
world,2010,42.85662
world,2015,39.45803
world,2020,36.46846
world,2021,35.86635
world,2022,35.35613
