global,time,sh_alc_pcap_ma_li
world,2000,8.11248
world,2001,8.07149
world,2002,7.94968
world,2003,7.88376
world,2004,7.87555
world,2005,7.95356
world,2006,8.11173
world,2007,8.31459
world,2008,8.56778
world,2009,8.81201
world,2010,9.1195
world,2011,9.34734
world,2012,9.49637
world,2013,9.51134
world,2014,9.46376
world,2015,9.41224
world,2016,9.27141
world,2017,9.01157
world,2018,8.72262
world,2019,8.70744
world,2020,7.85058
