global,time,sh_sta_hygn_ru_zs
world,2017,59.9529
world,2018,61.03919
world,2019,61.90929
world,2020,62.64682
world,2021,63.46241
world,2022,64.23139
