global,time,sh_sta_bass_ur_zs
world,2000,77.76128
world,2001,78.0937
world,2002,78.45071
world,2003,78.81107
world,2004,79.19722
world,2005,79.61495
world,2006,80.05771
world,2007,80.53025
world,2008,81.00599
world,2009,81.48744
world,2010,81.97418
world,2011,82.42706
world,2012,82.92883
world,2013,83.44421
world,2014,83.97024
world,2015,84.50631
world,2016,85.04887
world,2017,85.61256
world,2018,86.15748
world,2019,86.6845
world,2020,87.20664
world,2021,87.81686
world,2022,88.30954
