global,time,ic_bus_ndns_zs
world,2010,1.86502
world,2011,1.89698
world,2012,1.96243
world,2013,2.11183
world,2014,2.7414
world,2015,2.87742
world,2016,3.20835
world,2017,3.18788
world,2018,3.25021
world,2019,3.36076
world,2020,3.41895
