global,time,eg_egy_prim_pp_kd
world,2000,5.95151
world,2001,5.87281
world,2002,5.83165
world,2003,5.82835
world,2004,5.7937
world,2005,5.69001
world,2006,5.5663
world,2007,5.43372
world,2008,5.35072
world,2009,5.34794
world,2010,5.36993
world,2011,5.26143
world,2012,5.17405
world,2013,5.08663
world,2014,4.98798
world,2015,4.83003
world,2016,4.71807
world,2017,4.64054
world,2018,4.60046
world,2019,4.53125
world,2020,4.54243
