global,time,sh_xpd_ehex_pc_cd
world,2000,0.65878
world,2001,0.6383
world,2002,0.70737
world,2003,0.87332
world,2004,1.31448
world,2005,1.51487
world,2006,1.57389
world,2007,1.80907
world,2008,2.04631
world,2009,2.21315
world,2010,2.51397
world,2011,2.82131
world,2012,2.76568
world,2013,2.9547
world,2014,2.9545
world,2015,2.49883
world,2016,2.31432
world,2017,2.36463
world,2018,2.34412
world,2019,2.46788
