global,time,sh_sgr_irsk_zs
world,2003,40.29964
world,2004,38.60415
world,2005,37.51855
world,2006,35.30654
world,2007,33.22686
world,2008,31.53039
world,2009,30.27861
world,2010,28.82038
world,2011,26.8867
world,2012,26.15728
world,2013,23.25451
world,2014,22.33538
world,2015,21.49141
world,2016,20.71428
world,2017,19.71646
world,2018,18.50032
world,2019,18.14586
world,2020,17.27339
