global,time,dt_nfl_whol_cd
world,2009,436790008.54492
world,2010,366239990.23438
world,2011,451639984.13086
world,2012,396316558.83789
world,2013,473065368.65234
world,2014,470184997.55859
world,2015,662934997.55859
world,2016,533845764.16016
world,2017,527478088.37891
world,2018,517373718.26172
world,2019,545100646.97266
world,2020,272697540.2832
