global,time,sl_tlf_acti_1524_ne_zs
world,2000,52.47697
world,2010,45.68225
world,2019,38.2527
