global,time,sl_emp_totl_sp_ne_zs
world,2000,61.78184
world,2005,59.59942
world,2010,59.03284
world,2011,60.76549
world,2012,58.63417
world,2013,61.06541
world,2014,60.49072
world,2016,60.46103
world,2017,60.36055
world,2018,56.98739
world,2019,57.48347
