global,time,sm_pop_totl_zs
world,1990,2.88976
world,1995,2.82346
world,2000,2.83128
world,2005,2.94561
world,2010,3.21551
world,2015,3.34625
