global,time,sh_xpd_ghed_pc_cd
world,2000,275.15768
world,2001,282.50916
world,2002,300.031
world,2003,340.127
world,2004,378.16754
world,2005,400.63996
world,2006,426.93616
world,2007,470.0664
world,2008,516.98067
world,2009,528.57116
world,2010,550.29221
world,2011,601.80876
world,2012,604.11745
world,2013,611.42648
world,2014,629.39112
world,2015,600.25587
world,2016,609.56691
world,2017,632.66142
world,2018,661.54116
