global,time,sl_uem_totl_ne_zs
world,1994,5.72864
world,1996,5.63594
world,1999,6.20721
world,2000,5.52284
world,2003,6.42937
world,2005,5.78929
world,2009,6.31022
world,2010,5.46904
world,2011,5.89013
world,2012,5.42496
world,2013,5.62696
world,2014,5.58626
world,2017,5.55883
world,2018,5.95759
world,2019,5.85824
world,2020,6.67022
world,2021,6.16452
