global,time,sh_dyn_ncom_fe_zs
world,2000,18.59636
world,2001,18.32657
world,2002,18.19102
world,2003,18.01305
world,2004,17.66153
world,2005,17.3373
world,2006,16.9255
world,2007,16.58533
world,2008,16.36001
world,2009,16.14168
world,2010,16.01784
world,2011,15.79628
world,2012,15.64587
world,2013,15.38137
world,2014,15.2286
world,2015,15.24681
world,2016,15.23376
world,2017,15.12212
world,2018,15.15556
world,2019,15.05924
world,2020,14.79617
world,2021,15.63506
