global,time,sp_dyn_conm_zs
world,1990,53.49548
world,2000,55.41657
world,2010,48.41591
world,2017,53.8035
