global,time,dt_nfl_witc_cd
world,2020,4333180.01011
world,2021,2114121.99948
world,2022,1143077.99801
