global,time,fb_atm_totl_p5
world,2004,18.30833
world,2005,16.36389
world,2006,19.3263
world,2007,25.6704
world,2008,27.21272
world,2009,28.19768
world,2010,29.16178
world,2011,30.03258
world,2012,31.92386
world,2013,34.5643
world,2014,35.98454
world,2015,37.25285
world,2016,38.92657
world,2017,37.47079
world,2018,40.09304
