global,time,sh_xpd_pvtd_ch_zs
world,2000,42.45801
world,2001,42.53245
world,2002,42.57074
world,2003,42.0169
world,2004,41.35798
world,2005,41.4175
world,2006,41.41922
world,2007,41.10097
world,2008,40.05266
world,2009,39.37708
world,2010,39.43667
world,2011,38.77885
world,2012,39.2166
world,2013,39.35704
world,2014,38.88189
world,2015,39.30106
world,2016,39.41531
world,2017,39.61879
world,2018,39.44561
world,2019,39.43104
world,2020,36.13037
world,2021,36.80069
world,2022,37.60395
