global,time,sl_uem_totl_ma_ne_zs
world,2000,4.89951
world,2005,5.84488
world,2012,5.48501
world,2019,5.67255
world,2022,4.91485
