global,time,nv_srv_totl_kd_zg
world,1998,3.29981
world,1999,3.59327
world,2000,4.19015
world,2001,2.80049
world,2002,2.66524
world,2003,2.68697
world,2004,3.89568
world,2005,4.21716
world,2006,4.14781
world,2007,4.32564
world,2008,2.34964
world,2009,-0.16759
world,2010,3.44358
world,2011,3.21892
world,2012,2.86197
world,2013,2.6189
world,2014,3.04698
world,2015,3.15005
world,2016,2.84691
world,2017,3.34824
world,2018,3.3074
world,2019,2.9536
