global,time,se_sec_tcaq_lo_zs
world,2015,86.14008
world,2016,84.35962
world,2017,84.82733
world,2018,84.26302
world,2019,84.34956
world,2020,83.8969
world,2021,84.91543
world,2022,84.99754
