global,time,sh_xpd_ghed_pc_cd
world,2000,275.15768
world,2001,282.50916
world,2002,300.031
world,2003,340.127
world,2004,378.16754
world,2005,400.63996
world,2006,426.93616
world,2007,470.0664
world,2008,516.97563
world,2009,528.57116
world,2010,550.29221
world,2011,601.80878
world,2012,604.1175
world,2013,611.42658
world,2014,629.39367
world,2015,600.25981
world,2016,609.57297
world,2017,632.66799
world,2018,661.56221
