global,time,sh_dyn_ncom_zs
world,2000,22.90559
world,2001,22.62079
world,2002,22.50692
world,2003,22.29964
world,2004,21.84223
world,2005,21.56113
world,2006,21.1243
world,2007,20.8345
world,2008,20.66241
world,2009,20.41528
world,2010,20.26803
world,2011,20.02745
world,2012,19.76856
world,2013,19.31273
world,2014,19.04479
world,2015,18.98351
world,2016,18.89869
world,2017,18.60065
world,2018,18.42471
world,2019,18.28389
