global,time,er_h2o_fwin_zs
world,2014,16.97464
world,2015,16.51028
world,2016,16.18854
world,2017,16.213
world,2018,16.14801
world,2019,15.76474
world,2020,15.27599
world,2021,15.11933
