global,time,sh_xpd_oopc_pc_cd
world,2000,91.51658
world,2001,91.92993
world,2002,96.10729
world,2003,108.08414
world,2004,118.7201
world,2005,126.91593
world,2006,135.83255
world,2007,148.56405
world,2008,161.59937
world,2009,158.58211
world,2010,167.05872
world,2011,181.73089
world,2012,185.44384
world,2013,189.92762
world,2014,191.233
world,2015,180.68532
world,2016,182.59754
world,2017,188.37608
world,2018,196.76605
world,2019,198.72486
world,2020,193.43999
world,2021,215.98494
