global,time,sh_sta_bass_zs
world,2000,55.46534
world,2001,56.2692
world,2002,57.40427
world,2003,58.47198
world,2004,59.53897
world,2005,60.74919
world,2006,62.15706
world,2007,63.23086
world,2008,64.30495
world,2009,65.37055
world,2010,66.42434
world,2011,67.37428
world,2012,68.40616
world,2013,69.44908
world,2014,70.47866
world,2015,71.4911
world,2016,72.48911
world,2017,73.39306
