global,time,sh_sta_pois_p5_ma
world,2000,1.40302
world,2001,1.41275
world,2002,1.43034
world,2003,1.47493
world,2004,1.46803
world,2005,1.45521
world,2006,1.36424
world,2007,1.32409
world,2008,1.30962
world,2009,1.28034
world,2010,1.26368
world,2011,1.21113
world,2012,1.17859
world,2013,1.15388
world,2014,1.1392
world,2015,1.10246
world,2016,1.07871
world,2017,1.03641
world,2018,1.02566
world,2019,1.0042
world,2020,0.9668
world,2021,0.93319
