global,time,sh_h2o_basw_ru_zs
world,2000,68.46333
world,2001,68.8419
world,2002,69.58549
world,2003,70.3428
world,2004,71.10052
world,2005,72.42237
world,2006,73.16728
world,2007,73.90638
world,2008,74.65642
world,2009,75.39423
world,2010,76.13324
world,2011,76.77818
world,2012,77.51052
world,2013,78.24748
world,2014,78.99109
world,2015,79.7065
world,2016,80.39137
world,2017,81.1202
