global,time,sh_xpd_chex_pp_cd
world,2000,593.7135
world,2001,634.63933
world,2002,671.57614
world,2003,710.5104
world,2004,752.76219
world,2005,796.4085
world,2006,852.84098
world,2007,901.63624
world,2008,950.90959
world,2009,1010.69952
world,2010,1035.74511
world,2011,1082.30459
world,2012,1126.84867
world,2013,1187.43135
world,2014,1238.62879
world,2015,1295.72939
world,2016,1348.88173
world,2017,1408.75577
