global,time,eg_cft_accs_zs
world,2000,49.40136
world,2001,50.20579
world,2002,50.8144
world,2003,51.40702
world,2004,52.05723
world,2005,52.66873
world,2006,53.41455
world,2007,54.06015
world,2008,54.75274
world,2009,55.32247
world,2010,56.06476
world,2011,56.63204
world,2012,57.24244
world,2013,57.84517
world,2014,58.34794
world,2015,58.83429
world,2016,59.34039
