global,time,dt_nfl_faog_cd
world,2013,450301513.67188
world,2014,0
world,2015,0
world,2016,0
world,2017,436115753.17383
world,2018,396862548.82812
world,2019,454989959.7168
world,2020,422576446.5332
world,2021,426751953.125
world,2022,46879751.57576
