global,time,sl_tlf_cact_ne_zs
world,2000,63.70087
world,2001,65.20515
world,2005,64.30678
world,2006,64.39767
world,2009,64.31394
world,2010,62.13901
world,2011,64.08556
world,2012,61.80491
world,2013,64.23302
world,2014,63.71379
world,2015,64.33456
world,2016,63.8819
world,2019,58.15731
