global,time,ms_mil_xpnd_zs
world,1995,5.1226
world,1996,5.21982
world,1997,5.3808
world,2000,5.37414
world,2001,6.67959
world,2002,6.8252
world,2003,6.86179
world,2004,6.95538
world,2005,7.00842
world,2006,7.03546
world,2007,6.8941
world,2008,6.676
world,2009,6.64904
world,2010,6.72368
world,2011,6.54084
world,2012,6.53125
world,2013,6.46913
world,2014,6.38864
world,2015,6.52353
world,2016,6.32767
world,2017,6.32595
world,2018,6.16945
