global,time,er_lnd_ptld_zs
world,2013,14.9506
world,2014,15.21324
world,2015,15.00352
world,2017,15.12886
world,2019,15.11176
world,2020,15.37692
world,2021,15.79431
world,2022,15.86733
world,2023,16.07808
world,2024,16.44426
