global,time,sh_sta_odfc_ur_zs
world,2000,5.17656
world,2001,4.96896
world,2002,4.75875
world,2003,4.56875
world,2004,4.37281
world,2005,4.16799
world,2006,3.9584
world,2007,3.75196
world,2008,3.5444
world,2009,3.33484
world,2010,3.1233
world,2011,2.9313
world,2012,2.71081
world,2013,2.49244
world,2014,2.2712
world,2015,2.04608
world,2016,1.82102
world,2017,1.59418
world,2018,1.37868
world,2019,1.16906
world,2020,0.97319
