global,time,eg_elc_accs_ru_zs
world,2000,66.51092
world,2001,68.33489
world,2002,68.575
world,2003,67.47219
world,2004,67.0831
world,2005,68.41585
world,2006,69.05259
world,2007,69.14212
world,2008,70.84385
world,2009,72.34508
world,2010,72.90607
world,2011,74.26074
world,2012,74.866
world,2013,76.04954
world,2014,76.31052
world,2015,76.78567
world,2016,79.37164
world,2017,80.87944
world,2018,82.09428
world,2019,82.7334
world,2020,82.9704
world,2021,84.46129
world,2022,83.98654
