global,time,sp_dyn_conm_zs
world,1990,53.49547
world,2000,55.40961
world,2010,48.44713
world,2017,53.82341
