global,time,se_sec_tcaq_fe_zs
world,2016,88.15261
world,2017,88.00153
world,2018,89.01406
world,2019,86.37985
world,2020,86.60383
world,2021,87.37441
world,2022,86.2539
