global,time,sh_med_phys_zs
world,1990,1.29322
world,2000,1.53691
world,2010,1.48751
world,2019,1.69487
