global,time,sh_h2o_basw_ur_zs
world,2000,95.05536
world,2001,95.10325
world,2002,95.15012
world,2003,95.19839
world,2004,95.24364
world,2005,95.30878
world,2006,95.35642
world,2007,95.41105
world,2008,95.4608
world,2009,95.51096
world,2010,95.5652
world,2011,95.59617
world,2012,95.65655
world,2013,95.71983
world,2014,95.78976
world,2015,95.87148
world,2016,95.95008
world,2017,96.03482
world,2018,96.11293
world,2019,96.1736
world,2020,96.21789
