global,time,sh_prv_smok_fe
world,2000,18.08066
world,2005,14.97298
world,2007,13.91474
world,2010,12.40572
world,2015,10.38456
world,2020,8.77392
world,2021,8.46342
world,2022,8.21163
