global,time,gc_tax_totl_gd_zs
world,1991,14.20314
world,1992,13.93828
world,1993,13.76515
world,1999,15.40651
world,2005,14.07893
world,2006,14.55298
world,2007,14.77637
world,2008,14.3752
world,2009,13.16599
world,2010,13.35308
world,2011,13.70281
world,2012,13.75101
world,2013,13.96865
world,2014,13.95272
world,2015,13.95933
world,2016,13.84029
world,2017,14.12174
world,2018,13.83165
world,2019,13.74223
world,2020,13.6289
world,2021,14.30174
world,2022,14.67925
