global,time,en_atm_pm25_mc_m3
world,1990,40.86085
world,1995,39.5086
world,2000,41.31263
world,2005,41.03683
world,2010,42.97452
world,2011,44.6673
world,2012,46.33397
world,2013,47.42361
world,2014,47.65395
world,2015,46.47201
world,2016,45.70444
world,2017,42.83775
world,2018,43.07753
world,2019,42.80284
