global,time,se_sec_tcaq_ma_zs
world,2016,83.21578
world,2017,83.42154
world,2018,83.10939
world,2019,81.63937
world,2020,81.91128
world,2021,83.82273
world,2022,83.3281
