global,time,it_net_secr_p6
world,2010,187.28228
world,2011,238.91703
world,2012,325.14257
world,2013,370.83876
world,2014,450.46347
world,2015,573.38983
world,2016,1267.45003
world,2017,3518.98286
world,2018,6171.85947
world,2019,10044.96166
