global,time,sh_sta_bass_ur_zs
world,2000,77.76128
world,2001,78.0937
world,2002,78.45071
world,2003,78.81107
world,2004,79.19722
world,2005,79.61495
world,2006,80.05771
world,2007,80.52911
world,2008,81.00504
world,2009,81.4868
world,2010,81.97401
world,2011,82.42722
world,2012,82.92851
world,2013,83.44291
world,2014,83.96752
world,2015,84.50228
world,2016,85.04415
world,2017,85.60793
world,2018,86.15396
world,2019,86.68232
world,2020,87.2049
world,2021,87.81648
world,2022,88.30869
