global,time,er_h2o_intr_pc
world,1962,13406.9226
world,1967,12065.3453
world,1972,10840.75193
world,1977,9852.61381
world,1982,9002.13835
world,1987,8228.48852
world,1992,8018.88936
world,1997,7374.27818
world,2002,7002.59446
world,2007,6575.90008
world,2012,6072.40006
world,2017,5732.01261
