global,time,se_prm_tcaq_zs
world,2013,86.36342
world,2014,86.2584
world,2015,85.80371
world,2016,84.05187
world,2017,85.17968
world,2018,86.56616
world,2019,86.1802
world,2020,86.16161
