global,time,gc_tax_ypkg_rv_zs
world,1998,19.8416
world,1999,20.561
world,2001,20.75753
world,2002,20.71643
world,2003,20.71391
world,2004,20.63761
world,2005,20.2276
world,2006,20.12587
world,2007,20.65812
world,2008,22.2642
world,2009,21.46158
world,2010,21.28063
world,2011,21.91437
world,2012,21.3909
world,2013,22.81573
world,2014,23.28904
world,2015,23.35848
world,2016,22.64317
world,2017,22.95125
world,2018,24.15142
world,2019,23.53506
world,2020,24.81048
