global,time,sh_prv_smok
world,2000,34.15149
world,2005,30.74874
world,2010,27.76703
world,2015,25.2226
world,2018,23.42674
world,2019,23.3964
world,2020,22.97762
