global,time,se_xpd_totl_gb_zs
world,2000,13.45398
world,2001,14.18884
world,2002,14.58585
world,2003,14.48923
world,2004,13.89934
world,2005,14.05769
world,2006,14.09428
world,2007,14.01394
world,2008,14.09696
world,2009,13.5834
world,2010,13.55558
world,2011,14.20994
world,2012,14.38812
world,2013,14.13281
world,2014,13.73432
world,2015,14.4518
world,2016,14.30254
world,2017,14.34188
world,2018,14.37908
world,2019,14.07448
world,2020,12.8217
world,2021,12.73621
