global,time,sh_sta_hygn_ur_zs
world,2017,80.75181
world,2018,81.29528
world,2019,81.77104
world,2020,82.1762
world,2021,83.04043
world,2022,83.41746
world,2023,84.90792
world,2024,85.12263
