global,time,sl_tlf_cact_ma_ne_zs
world,2000,77.45562
world,2010,75.75874
world,2012,74.57551
world,2019,73.36798
world,2022,73.45161
