global,time,sh_sta_bass_ur_zs
world,2000,77.50946
world,2001,77.85347
world,2002,78.18087
world,2003,78.5054
world,2004,78.84479
world,2005,79.20725
world,2006,79.84377
world,2007,80.24332
world,2008,80.64446
world,2009,81.05223
world,2010,81.465
world,2011,81.84236
world,2012,82.26612
world,2013,82.6966
world,2014,83.12451
world,2015,83.54408
world,2016,83.95895
world,2017,84.41004
