global,time,nv_ind_manf_kd_zg
world,1998,0.80455
world,1999,2.83062
world,2000,6.09538
world,2001,-1.20269
world,2002,1.02639
world,2003,3.62947
world,2004,5.72192
world,2005,3.67227
world,2006,5.58883
world,2007,4.62735
world,2008,-0.37522
world,2009,-10.11314
world,2010,8.96447
world,2011,2.84593
world,2012,0.59614
world,2013,1.51879
world,2014,2.66535
world,2015,2.47138
world,2016,1.47145
world,2017,3.79036
