global,time,sl_uem_1524_ne_zs
world,2000,11.68893
world,2018,17.07187
world,2019,16.66087
world,2020,18.02164
world,2021,16.62662
