global,time,eg_cft_accs_zs
world,2000,49.40299
world,2001,50.20786
world,2002,50.81707
world,2003,51.40993
world,2004,52.06026
world,2005,52.67186
world,2006,53.41755
world,2007,54.06265
world,2008,54.75457
world,2009,55.3252
world,2010,56.06668
world,2011,56.63411
world,2012,57.2649
world,2013,57.86774
world,2014,58.36977
world,2015,58.85421
world,2016,59.35973
