global,time,sh_sgr_crsk_zs
world,2003,49.92805
world,2004,48.48566
world,2005,48.0167
world,2006,44.4353
world,2007,42.36322
world,2008,38.68196
world,2009,36.26255
world,2010,35.20683
world,2011,31.77003
world,2012,31.66344
world,2013,29.15513
world,2014,28.16665
world,2015,26.38401
world,2016,24.99107
world,2017,23.90127
world,2018,22.72571
world,2019,21.91277
world,2020,21.27653
