global,time,sh_sgr_crsk_zs
world,2003,50.01484
world,2004,48.58316
world,2005,48.13005
world,2006,44.56167
world,2007,42.476
world,2008,38.80033
world,2009,36.39132
world,2010,35.3461
world,2011,31.91964
world,2012,31.81132
world,2013,29.29795
world,2014,28.31005
world,2015,26.5159
world,2016,25.1214
world,2017,24.02365
world,2018,22.84699
world,2019,22.02754
world,2020,21.3867
