global,time,ic_bus_ndns_zs
world,2010,1.85455
world,2011,1.90661
world,2012,1.96728
world,2013,2.13451
world,2014,2.75044
world,2015,2.87998
world,2016,3.18339
world,2017,3.11963
world,2018,3.1391
world,2019,3.41008
world,2020,3.49425
