global,time,dt_nfl_ilog_cd
world,2012,238036010.74219
world,2013,298411315.91797
world,2014,222787475.58594
world,2015,285690612.79297
world,2016,239630401.61133
world,2017,269566558.83789
world,2018,227007156.37207
