global,time,sh_sta_traf_p5
world,2000,19.09831
world,2001,19.15457
world,2002,19.28107
world,2003,19.04034
world,2004,18.84275
world,2005,18.93804
world,2006,18.90431
world,2007,18.85274
world,2008,18.59404
world,2009,18.29238
world,2010,18.19563
world,2011,18.19466
world,2012,17.98118
world,2013,17.54521
world,2014,17.19441
world,2015,16.98707
world,2016,16.86724
world,2017,16.75367
world,2018,16.72695
world,2019,16.74277
