global,time,sh_dyn_ncom_ma_zs
world,2000,27.25638
world,2001,26.88036
world,2002,26.64412
world,2003,26.4017
world,2004,25.90749
world,2005,25.62389
world,2006,25.13834
world,2007,24.90266
world,2008,24.7993
world,2009,24.58377
world,2010,24.4327
world,2011,24.13244
world,2012,23.80599
world,2013,23.25162
world,2014,22.83768
world,2015,22.73705
world,2016,22.61688
world,2017,22.20592
world,2018,21.95974
world,2019,21.74809
