global,time,nv_ind_manf_zs
world,1997,17.54991
world,1998,17.49466
world,1999,17.22401
world,2000,17.08364
world,2001,16.49799
world,2002,16.12756
world,2003,15.98011
world,2004,17.35059
world,2005,17.13969
world,2006,17.08347
world,2007,16.9348
world,2008,16.48776
world,2009,15.61559
world,2010,15.91557
world,2011,15.79849
world,2012,15.61085
world,2013,15.40029
world,2014,15.39495
world,2015,15.5044
world,2016,15.27068
world,2017,15.45488
world,2018,16.82134
