global,time,sh_prv_smok_fe
world,2000,11.38418
world,2005,9.36012
world,2010,7.84936
world,2011,7.56437
world,2012,7.34537
world,2013,7.08907
world,2014,6.85948
world,2015,6.64677
world,2016,6.44861
