global,time,sl_emp_totl_sp_ne_zs
world,2000,61.70735
world,2005,61.25761
world,2010,58.71091
world,2011,60.95331
world,2012,59.01312
world,2013,61.01381
world,2017,60.08697
world,2018,57.23027
