global,time,sh_sta_stnt_me_zs
world,2000,32.95605
world,2001,32.54545
world,2002,32.20636
world,2003,31.84179
world,2004,31.45397
world,2005,31.08579
world,2006,30.67747
world,2007,30.13178
world,2008,29.46861
world,2009,28.71996
world,2010,27.91097
world,2011,27.10657
world,2012,26.34895
world,2013,25.67379
world,2014,25.0917
world,2015,24.59271
world,2016,24.14347
world,2017,23.70155
world,2018,23.31157
world,2019,22.9814
world,2020,22.71244
world,2021,22.47919
world,2022,22.3415
