global,time,ic_imp_csbc_cd
world,2014,455.53209
world,2015,461.82181
world,2016,460.87181
world,2017,459.90106
world,2018,450.48783
world,2019,442.20106
