global,time,er_ptd_totl_zs
world,2013,11.1039
world,2014,11.92002
world,2015,12.14937
world,2017,13.50798
world,2019,14.53372
world,2020,14.8348
world,2021,14.70288
world,2022,14.8584
world,2023,14.94978
world,2024,15.29498
