global,time,bx_gsr_ccis_zs
world,1995,3.07127
world,1996,3.15155
world,1997,3.46225
world,1998,3.9278
world,1999,4.83168
world,2000,5.1792
world,2001,5.65754
world,2002,5.71884
world,2003,6.31185
world,2004,6.35364
world,2005,7.10271
world,2006,7.42762
world,2007,7.52106
world,2008,8.04106
world,2009,8.7275
world,2010,8.63179
world,2011,8.73902
world,2012,9.08319
world,2013,9.20215
world,2014,9.52742
world,2015,8.80957
world,2016,9.15908
world,2017,10.42947
