global,time,gc_xpn_intp_zs
world,2002,8.17613
world,2003,8.08825
world,2004,7.82193
world,2005,6.38595
world,2006,6.17612
world,2007,5.8323
world,2008,5.51597
world,2009,5.20003
world,2010,5.32673
world,2011,5.34047
world,2012,5.73045
world,2013,5.62653
world,2014,5.53818
world,2015,5.96643
world,2016,6.81208
world,2017,6.47114
world,2018,6.6965
world,2019,6.18271
world,2020,5.71121
world,2021,5.86374
world,2022,5.76972
