global,time,sh_sta_suic_fe_p5
world,2000,9.65182
world,2005,9.29053
world,2010,8.56381
world,2015,7.82532
world,2016,7.71151
