global,time,sh_sgr_crsk_zs
world,2008,33.84882
world,2009,32.3747
world,2010,31.46768
world,2011,33.85907
world,2012,33.37684
world,2013,32.5218
world,2014,30.42894
world,2015,29.03546
world,2016,28.9037
world,2017,28.13952
