global,time,sh_med_beds_zs
world,1970,3.07874
world,1975,2.39768
world,1980,3.59362
world,1985,4.12395
world,1990,3.64698
world,1991,3.42695
world,2002,2.87561
world,2003,3.05789
world,2005,2.87901
world,2011,2.70449
