global,time,gc_rev_gotr_zs
world,2006,14.19484
world,2007,14.55011
world,2008,15.47199
world,2009,16.18501
world,2010,17.00636
world,2011,16.20824
world,2012,16.43494
world,2013,16.05599
world,2014,17.04176
world,2015,17.24017
world,2016,17.14981
world,2017,17.35728
world,2018,17.4618
world,2019,17.87983
world,2020,16.84303
world,2021,16.28637
world,2022,15.53132
