global,time,fx_own_totl_40_zs
world,2011,41.41081
world,2014,54.40297
world,2017,61.72345
world,2021,69.02882
world,2024,72.3613
