global,time,sh_sta_owgh_me_zs
world,2000,5.32811
world,2001,5.43733
world,2002,5.53212
world,2003,5.59871
world,2004,5.61811
world,2005,5.59993
world,2006,5.56257
world,2007,5.52479
world,2008,5.4956
world,2009,5.48008
world,2010,5.47324
world,2011,5.47567
world,2012,5.48592
world,2013,5.50037
world,2014,5.51665
world,2015,5.53296
world,2016,5.54238
world,2017,5.55075
world,2018,5.55866
world,2019,5.56376
world,2020,5.56994
world,2021,5.57971
world,2022,5.58662
