global,time,ic_exp_csbc_cd
world,2014,397.94492
world,2015,398.54096
world,2016,400.34096
world,2017,398.89787
world,2018,393.33492
world,2019,388.18191
