global,time,gc_tax_othr_rv_zs
world,1998,1.16535
world,1999,1.45539
world,2002,0.98403
world,2003,0.86814
world,2004,1.23378
world,2005,1.33503
world,2006,1.3772
world,2007,0.84015
world,2008,0.86725
world,2009,0.8921
world,2010,1.04786
world,2011,0.82229
world,2012,0.80745
world,2013,0.77779
world,2014,0.69282
world,2015,0.91089
world,2016,0.94039
world,2017,0.99594
world,2018,0.71077
world,2019,0.70601
world,2020,0.63491
