global,time,sh_xpd_ehex_ch_zs
world,2000,0.12513
world,2001,0.11865
world,2002,0.12199
world,2003,0.12051
world,2004,0.1675
world,2005,0.15429
world,2006,0.17487
world,2007,0.18279
world,2008,0.19337
world,2009,0.19735
world,2010,0.22571
world,2011,0.22837
world,2012,0.22547
world,2013,0.23909
world,2014,0.26436
world,2015,0.22674
world,2016,0.2056
world,2017,0.20534
