global,time,bx_trf_pwkr_cd
world,2006,193359004945.504
world,2007,228123751472.05096
world,2008,262274941337.70999
world,2009,251181559882.841
world,2010,272476330556.979
world,2011,302991820399.104
world,2012,322881600122.242
world,2013,337562037623.14899
world,2014,358026601584.96301
world,2015,355492179612.263
world,2016,350767433275.16101
world,2017,385897240595.97803
world,2018,420011174684.39398
