global,time,dt_nfl_unep_cd
world,2015,125175331.11572
world,2016,79252265.93018
world,2017,0
world,2018,0
world,2019,0
world,2020,0
world,2021,0
world,2022,207520462.03613
world,2023,185479370.11719
