global,time,eg_elc_accs_zs
world,1998,73.4065
world,1999,74.70852
world,2000,78.73607
world,2001,78.22166
world,2002,79.39761
world,2003,80.00877
world,2004,80.16051
world,2005,80.16145
world,2006,81.25109
world,2007,82.20471
world,2008,82.28432
world,2009,82.76506
world,2010,83.29997
world,2011,82.11275
world,2012,84.73835
world,2013,85.01887
world,2014,85.53775
world,2015,86.56355
world,2016,87.71446
world,2017,88.60203
world,2018,89.41901
world,2019,90.08403
