global,time,sl_uem_neet_ma_me_zs
world,2005,13.32934
world,2006,13.11061
world,2007,12.93033
world,2008,12.89112
world,2009,13.21665
world,2010,13.06796
world,2011,12.74788
world,2012,12.55732
world,2013,12.6482
world,2014,12.6869
world,2015,12.92421
world,2016,13.16452
world,2017,13.35636
world,2018,13.52952
world,2019,13.57282
world,2020,15.77693
world,2021,14.30838
world,2022,13.31248
world,2023,13.08582
