global,time,sh_sta_bass_zs
world,2000,55.45366
world,2001,56.32676
world,2002,57.55977
world,2003,58.70745
world,2004,59.86084
world,2005,61.15791
world,2006,62.32972
world,2007,63.51446
world,2008,64.7036
world,2009,65.88611
world,2010,67.06136
world,2011,68.13593
world,2012,69.29528
world,2013,70.45236
world,2014,71.60464
world,2015,72.75048
world,2016,73.88874
world,2017,74.91299
world,2018,76.01675
world,2019,76.99873
world,2020,78.03025
