global,time,sl_uem_totl_ne_zs
world,1994,4.90883
world,1996,5.62983
world,1999,6.24767
world,2000,5.54428
world,2001,6.14845
world,2003,6.49926
world,2005,5.86263
world,2006,5.79602
world,2007,5.58483
world,2009,6.32819
world,2010,5.49059
world,2011,5.81551
world,2012,5.43972
world,2013,5.63355
world,2014,5.57713
world,2017,5.63225
world,2018,5.97681
world,2019,5.90524
world,2020,6.69942
world,2021,6.20681
