global,time,sh_xpd_chex_gd_zs
world,2000,8.62235
world,2001,9.00898
world,2002,9.35066
world,2003,9.50586
world,2004,9.39804
world,2005,9.32991
world,2006,9.25404
world,2007,9.08477
world,2008,9.08907
world,2009,9.83367
world,2010,9.49793
world,2011,9.35721
world,2012,9.37
world,2013,9.34276
world,2014,9.45123
world,2015,9.7314
world,2016,9.86868
world,2017,9.75648
world,2018,9.67906
world,2019,9.80946
world,2020,10.86795
world,2021,10.35364
