global,time,vc_ihr_psrc_p5
world,2000,6.85425
world,2001,6.94372
world,2002,6.906
world,2003,6.72934
world,2004,6.5042
world,2005,6.29398
world,2006,6.17819
world,2007,6.01241
world,2008,6.01009
world,2009,6.06684
world,2010,6.04962
world,2011,6.08397
world,2012,6.11318
world,2013,6.03203
world,2014,6.0321
world,2015,5.91197
world,2016,5.94785
world,2017,5.90691
world,2018,5.77473
world,2019,5.56413
world,2020,5.60531
