global,time,ms_mil_xpnd_zs
world,1995,5.16806
world,1996,5.25376
world,1997,5.41621
world,2000,5.43503
world,2003,5.27811
world,2004,5.28725
world,2005,5.31728
world,2006,5.43546
world,2007,5.41651
world,2008,5.15947
world,2009,5.12238
world,2010,5.11608
world,2011,5.026
world,2012,5.17613
world,2013,5.26893
world,2014,5.38083
world,2015,5.5604
world,2016,5.39195
world,2017,5.43942
world,2018,5.29849
world,2019,5.23724
world,2020,4.92309
world,2021,4.98784
world,2022,5.23658
