global,time,sh_xpd_oopc_pp_cd
world,2000,143.84031
world,2001,152.97605
world,2002,159.16033
world,2003,169.22813
world,2004,178.93245
world,2005,190.90222
world,2006,201.68429
world,2007,210.29166
world,2008,218.30813
world,2009,227.39029
world,2010,231.23986
world,2011,239.29213
world,2012,250.25753
world,2013,268.01879
world,2014,274.31321
world,2015,286.62053
world,2016,299.82727
world,2017,314.77642
