global,time,ms_mil_xpnd_zs
world,1995,5.1658
world,1996,5.25266
world,1997,5.41582
world,2000,5.43371
world,2003,5.27745
world,2004,5.28731
world,2005,5.31732
world,2006,5.43543
world,2007,5.41642
world,2008,5.16002
world,2009,5.1226
world,2010,5.11607
world,2011,5.02567
world,2012,5.17619
world,2013,5.26799
world,2014,5.38062
world,2015,5.5603
world,2016,5.39185
world,2017,5.43904
world,2018,5.29002
world,2019,5.23117
world,2020,4.90594
world,2021,4.96183
world,2022,5.20181
