global,time,gc_xpn_trft_zs
world,2002,38.28311
world,2003,36.86426
world,2004,37.5885
world,2005,39.26522
world,2006,38.8583
world,2007,37.56605
world,2008,40.25099
world,2009,41.49078
world,2010,41.72153
world,2011,41.1569
world,2012,41.76162
world,2013,42.46596
world,2014,41.05705
world,2015,40.26738
world,2016,40.7451
world,2017,39.89078
world,2018,39.89153
world,2019,39.27149
world,2020,43.73862
world,2021,43.87993
world,2022,44.61826
