global,time,sh_h2o_smdw_ur_zs
world,2000,86.17919
world,2001,86.13555
world,2002,86.34688
world,2003,86.29749
world,2004,86.24792
world,2005,86.18039
world,2006,86.12835
world,2007,86.07311
world,2008,86.01056
world,2009,85.94473
world,2010,85.87328
world,2011,85.77981
world,2012,85.68166
world,2013,85.57937
world,2014,85.4778
world,2015,85.37737
world,2016,85.26961
world,2017,85.14748
