global,time,en_atm_pm25_mc_m3
world,1990,44.25933
world,1995,44.88174
world,2000,45.93524
world,2005,48.3634
world,2010,50.2509
world,2011,50.76985
world,2012,47.53252
world,2013,47.94658
world,2014,45.94331
world,2015,47.22824
world,2016,45.15337
world,2017,45.52605
