global,time,se_sec_tcaq_zs
world,2016,85.78418
world,2017,86.01591
world,2018,87.0119
world,2019,84.3052
world,2020,84.35719
