global,time,sm_pop_totl_zs
world,1990,2.88102
world,1995,2.82314
world,2000,2.8365
world,2005,2.94251
world,2010,3.21057
world,2015,3.33027
