global,time,dt_nfl_faog_cd
world,2013,450691223.14453
world,2014,0
world,2015,0
world,2016,0
world,2017,436115753.17383
world,2018,396567321.77734
world,2019,454797760.00977
world,2020,0
world,2021,426465057.37305
