global,time,en_atm_pm25_mc_zs
world,1990,95.32619
world,1995,95.1906
world,2000,95.23554
world,2005,95.46715
world,2010,95.17582
world,2011,95.80211
world,2012,94.51481
world,2013,93.78142
world,2014,92.72624
world,2015,92.65607
world,2016,91.38907
world,2017,91.37286
