global,time,en_atm_pm25_mc_zs
world,1990,95.31855
world,1995,95.17655
world,2000,95.21402
world,2005,95.43858
world,2010,95.1455
world,2011,95.774
world,2012,94.47213
world,2013,93.73118
world,2014,92.66425
world,2015,92.59122
world,2016,91.31252
world,2017,91.29571
