global,time,sh_prv_smok_ma
world,2000,50.49055
world,2005,46.73718
world,2010,43.2732
world,2015,40.23128
world,2018,38.44542
world,2019,37.92834
world,2020,37.34269
