global,time,nv_srv_totl_kd_zg
world,1996,3.40904
world,1997,3.70837
world,1998,3.02771
world,1999,3.38421
world,2000,4.07267
world,2001,2.7184
world,2002,2.54605
world,2003,2.57937
world,2004,3.64079
world,2005,4.0531
world,2006,3.96049
world,2007,4.19604
world,2008,2.13686
world,2009,-0.39109
world,2010,3.15296
world,2011,2.99948
world,2012,2.7684
world,2013,2.49911
world,2014,2.63291
world,2015,2.78281
world,2016,2.41637
world,2017,2.78832
