global,time,sh_xpd_chex_pp_cd
world,2000,595.79008
world,2001,635.85253
world,2002,673.55076
world,2003,712.51671
world,2004,751.29248
world,2005,794.07617
world,2006,852.05486
world,2007,900.31388
world,2008,949.22932
world,2009,1007.59098
world,2010,1030.63536
world,2011,1075.84012
world,2012,1117.55867
world,2013,1166.38759
world,2014,1207.01496
world,2015,1245.38916
world,2016,1289.0115
world,2017,1329.93736
world,2018,1381.75876
world,2019,1427.39369
world,2020,1535.13694
