global,time,gc_xpn_trft_zs
world,2003,26.54424
world,2004,30.30653
world,2005,30.71677
world,2006,30.80839
world,2007,30.92827
world,2008,32.3332
world,2009,34.28455
world,2010,33.44338
world,2011,33.62592
world,2012,32.93287
world,2013,33.70688
world,2014,33.59372
world,2015,34.40699
world,2016,33.732
world,2017,33.49106
world,2018,33.43957
world,2019,32.77507
world,2020,36.52631
world,2021,35.96591
world,2022,34.06257
