global,time,er_ptd_totl_zs
world,2016,13.34568
world,2017,14.33749
world,2018,14.33752
world,2019,14.5998
world,2020,14.78711
world,2021,14.55226
