global,time,ag_con_fert_zs
world,2002,107.60498
world,2003,112.85582
world,2004,116.34836
world,2005,115.84603
world,2006,119.37036
world,2007,126.24193
world,2008,121.89482
world,2009,121.2136
world,2010,130.99225
world,2011,135.761
world,2012,135.03292
world,2013,136.70533
world,2014,138.95768
world,2015,138.00078
world,2016,140.5531
