global,time,sh_xpd_chex_gd_zs
world,2000,8.61335
world,2001,9.00173
world,2002,9.34897
world,2003,9.49933
world,2004,9.39123
world,2005,9.32354
world,2006,9.24013
world,2007,9.07996
world,2008,9.07665
world,2009,9.81372
world,2010,9.4804
world,2011,9.33893
world,2012,9.34611
world,2013,9.31972
world,2014,9.42261
world,2015,9.69695
world,2016,9.82866
world,2017,9.7082
world,2018,9.62392
world,2019,9.74204
world,2020,10.80755
world,2021,10.29296
world,2022,9.84254
