global,time,er_h2o_fwtl_zs
world,2014,8.99785
world,2015,9.00101
world,2016,9.09709
world,2017,9.16046
world,2018,9.13786
world,2019,9.1679
world,2020,9.10951
