global,time,gc_tax_totl_gd_zs
world,1991,14.20817
world,1992,13.90236
world,1993,13.73501
world,1999,15.43271
world,2005,14.09627
world,2006,14.56582
world,2007,14.78652
world,2008,14.39367
world,2009,13.18109
world,2010,13.37279
world,2011,13.71902
world,2012,13.80684
world,2013,13.99351
world,2014,13.97149
world,2015,13.97536
world,2016,13.86245
world,2017,14.19794
world,2018,13.84404
world,2019,13.79827
world,2020,13.57629
