global,time,bx_gsr_ccis_zs
world,1995,3.07127
world,1996,3.15155
world,1997,3.46225
world,1998,3.9278
world,1999,4.80612
world,2000,5.14598
world,2001,5.61211
world,2002,5.68394
world,2003,6.27379
world,2004,6.3258
world,2005,7.07587
world,2006,7.39883
world,2007,7.50086
world,2008,8.02414
world,2009,8.69248
world,2010,8.57285
world,2011,8.69313
world,2012,9.01549
world,2013,9.17044
world,2014,9.4957
world,2015,8.77567
world,2016,9.1208
world,2017,10.36544
