global,time,gc_tax_othr_rv_zs
world,1998,1.18562
world,1999,1.45673
world,2001,1.09851
world,2002,0.98403
world,2003,0.88144
world,2004,1.23378
world,2005,1.33503
world,2006,1.3772
world,2007,0.84015
world,2008,0.86725
world,2009,0.8759
world,2010,1.00091
world,2011,0.73742
world,2012,0.80745
world,2013,0.77779
world,2014,0.69282
world,2015,0.91089
world,2016,0.94039
world,2017,0.99594
world,2018,0.71077
world,2019,0.7245
world,2020,0.68343
