global,time,sh_sta_bass_ru_zs
world,2000,34.29195
world,2001,35.18515
world,2002,36.68721
world,2003,38.10293
world,2004,39.51965
world,2005,40.95283
world,2006,42.71298
world,2007,44.15214
world,2008,45.60154
world,2009,47.04859
world,2010,48.49454
world,2011,49.834
world,2012,51.28561
world,2013,52.77478
world,2014,54.258
world,2015,55.73183
world,2016,57.2051
world,2017,58.6948
