global,time,sl_uem_neet_ma_me_zs
world,2005,13.32938
world,2006,13.11066
world,2007,12.93039
world,2008,12.8912
world,2009,13.21679
world,2010,13.06824
world,2011,12.74826
world,2012,12.55782
world,2013,12.64828
world,2014,12.68643
world,2015,12.92362
world,2016,13.16393
world,2017,13.35558
world,2018,13.52889
world,2019,13.5721
world,2020,15.77727
world,2021,14.3084
world,2022,13.3123
world,2023,13.08513
world,2024,13.09718
