global,time,sh_prv_smok
world,2007,29.68064
world,2010,27.86701
world,2012,26.75523
world,2014,25.68895
world,2016,24.73934
world,2018,23.82502
