global,time,se_sec_tcaq_lo_zs
world,2015,86.03128
world,2016,84.03391
world,2017,84.48162
world,2018,85.53032
world,2019,83.72374
world,2020,83.43478
world,2021,84.25116
