global,time,gc_xpn_gsrv_zs
world,2002,12.88038
world,2003,12.77207
world,2004,12.06279
world,2005,12.40469
world,2006,13.01764
world,2007,12.55478
world,2008,12.02504
world,2009,11.66941
world,2010,11.96482
world,2011,11.80818
world,2012,11.92005
world,2013,11.45981
world,2014,12.59443
world,2015,12.52776
world,2016,11.79586
world,2017,12.49152
world,2018,11.89657
world,2019,12.39715
world,2020,11.49855
world,2021,12.59847
world,2022,12.0393
