global,time,se_sec_priv_zs
world,1998,19.21026
world,1999,19.12928
world,2000,19.17372
world,2001,19.00754
world,2002,18.94025
world,2003,19.15445
world,2004,19.37797
world,2005,19.86847
world,2006,20.14406
world,2007,21.03576
world,2008,21.45001
world,2009,21.98045
world,2010,22.60006
world,2011,23.23351
world,2012,23.86502
world,2013,24.2423
world,2014,25.70791
world,2015,25.96192
world,2016,26.4756
world,2017,26.46477
world,2018,26.78742
world,2019,26.91336
