global,time,bx_trf_pwkr_cd
world,2005,164293019410.797
world,2006,194107175396.25296
world,2007,229104505810.62
world,2008,265221734962.51901
world,2009,252533948322.17001
world,2010,272476762898.591
world,2011,302992818720.23901
world,2012,322903465736.92102
world,2013,338116004779.56299
world,2014,358147545066.85101
world,2015,355806138661.39301
world,2016,351007388700.34998
world,2017,386189868018.758
world,2018,421156361318.25598
world,2019,437678013685.31506
world,2020,445152545306.41602
