global,time,sl_uem_1524_ne_zs
world,2000,11.70555
world,2018,17.26014
world,2019,16.63399
world,2020,18.16619
world,2021,16.63184
