global,time,eg_cft_accs_zs
world,2000,49.29607
world,2001,49.81601
world,2002,50.4344
world,2003,51.02599
world,2004,51.72992
world,2005,52.33875
world,2006,53.16406
world,2007,54.04759
world,2008,55.08349
world,2009,56.1655
world,2010,57.28243
world,2011,58.47436
world,2012,59.71972
world,2013,61.11872
world,2014,62.45639
world,2015,63.8571
world,2016,65.37933
world,2017,66.82957
world,2018,68.38853
world,2019,69.82611
world,2020,71.27902
world,2021,72.56807
world,2022,73.84384
