global,time,sh_xpd_ghed_ch_zs
world,2000,57.42058
world,2001,57.35134
world,2002,57.30526
world,2003,57.84355
world,2004,58.4508
world,2005,58.37288
world,2006,58.37797
world,2007,58.68805
world,2008,59.7246
world,2009,60.38894
world,2010,60.3126
world,2011,60.95637
world,2012,60.52897
world,2013,60.37155
world,2014,60.85238
world,2015,60.46568
world,2016,60.3663
world,2017,60.17019
world,2018,60.34813
world,2019,60.35096
world,2020,63.66305
world,2021,62.9349
world,2022,62.10917
