global,time,sh_h2o_basw_zs
world,2000,80.2366
world,2001,80.59076
world,2002,81.27867
world,2003,81.82049
world,2004,82.35599
world,2005,83.69527
world,2006,84.18799
world,2007,84.67485
world,2008,85.15018
world,2009,85.62085
world,2010,86.08297
world,2011,86.4659
world,2012,86.90893
world,2013,87.34808
world,2014,87.7818
world,2015,88.25667
world,2016,88.6785
world,2017,89.05549
world,2018,89.47394
world,2019,89.87246
world,2020,90.25863
world,2021,90.6707
world,2022,91.08411
