global,time,iq_wef_port_xq
world,2007,4.03016
world,2008,4.06459
world,2009,4.19699
world,2010,4.29615
world,2011,4.25141
world,2012,4.26181
world,2013,4.20203
world,2014,4.11806
world,2015,4.0393
world,2016,4.04143
world,2017,4.06277
