global,time,gc_xpn_comp_zs
world,2001,21.31479
world,2002,21.10335
world,2003,20.89938
world,2004,21.03113
world,2005,22.70755
world,2006,22.09915
world,2007,23.98916
world,2008,20.91237
world,2009,21.64302
world,2010,21.69949
world,2011,22.49823
world,2012,22.40363
world,2013,21.21514
world,2014,21.81161
world,2015,22.4309
world,2016,22.03169
world,2017,21.75141
world,2018,21.56911
