global,time,sh_prv_smok_ma
world,2007,45.61404
world,2010,43.49458
world,2012,42.1726
world,2014,40.8298
world,2016,39.66178
world,2018,38.52953
