global,time,se_sec_tcaq_lo_zs
world,2016,84.01474
world,2017,84.36819
world,2018,83.59699
world,2019,83.81446
world,2020,83.8044
