global,time,fb_cbk_brwr_p3
world,2013,116.36981
world,2014,156.59949
world,2015,152.36654
