global,time,gc_xpn_othr_zs
world,2003,5.76989
world,2004,6.75417
world,2005,5.56714
world,2006,5.80538
world,2007,6.63568
world,2008,6.31621
world,2009,6.69884
world,2010,6.7122
world,2011,5.81624
world,2012,5.88847
world,2013,5.52261
world,2014,5.7401
world,2015,5.82555
world,2016,5.42284
world,2017,5.37856
world,2018,6.16612
