global,time,sh_sta_odfc_ru_zs
world,2000,36.8326
world,2001,35.82508
world,2002,34.76167
world,2003,33.77153
world,2004,32.75976
world,2005,31.707
world,2006,30.59783
world,2007,29.50186
world,2008,28.37837
world,2009,27.23602
world,2010,26.07686
world,2011,25.02198
world,2012,23.813
world,2013,22.58997
world,2014,21.34776
world,2015,20.10401
world,2016,18.83203
world,2017,17.66551
world,2018,16.32566
world,2019,15.01091
world,2020,13.72755
world,2021,12.36352
world,2022,11.25055
