global,time,tx_val_tech_mf_zs
world,2007,20.31258
world,2008,19.33083
world,2009,21.01086
world,2010,20.43622
world,2011,18.64576
world,2012,18.8622
world,2013,18.94749
world,2014,19.02672
world,2015,19.8991
world,2016,20.07653
world,2017,20.53516
world,2018,20.54215
world,2019,20.67378
world,2020,21.92355
world,2021,21.73596
world,2022,19.10595
