global,time,sh_sta_bass_ru_zs
world,2000,33.80578
world,2001,34.83028
world,2002,36.47357
world,2003,38.03805
world,2004,39.61422
world,2005,41.22283
world,2006,42.84912
world,2007,44.49503
world,2008,46.15778
world,2009,47.8241
world,2010,49.49281
world,2011,51.06364
world,2012,52.76725
world,2013,54.47103
world,2014,56.18618
world,2015,57.90649
world,2016,59.62652
world,2017,61.31187
world,2018,62.93674
world,2019,64.53807
world,2020,66.1019
world,2021,68.04118
world,2022,69.50706
