global,time,sl_tlf_cact_ne_zs
world,2000,64.39616
world,2001,65.08552
world,2005,64.30795
world,2006,64.34313
world,2009,64.49621
world,2010,61.79099
world,2011,64.07036
world,2012,61.90763
world,2013,64.27091
world,2014,63.7619
world,2015,64.44004
