global,time,gc_xpn_othr_zs
world,2005,7.31145
world,2006,7.54613
world,2007,7.84128
world,2008,7.99392
world,2009,7.77447
world,2010,7.68918
world,2011,7.71138
world,2012,7.60522
world,2013,7.81058
world,2014,7.91496
world,2015,7.14938
world,2016,7.15787
world,2017,7.24145
world,2018,7.67251
world,2019,6.86613
world,2020,6.81793
world,2021,7.54495
world,2022,9.01041
