global,time,se_sec_uner_lo_fe_zs
world,1998,28.88205
world,1999,28.99737
world,2000,28.19896
world,2001,27.44272
world,2002,25.83883
world,2003,23.56883
world,2004,22.45401
world,2005,21.85652
world,2006,21.2914
world,2007,20.51838
world,2008,19.82361
world,2009,19.17308
world,2010,18.18072
world,2011,17.67031
world,2012,16.89384
world,2013,16.49094
world,2014,16.40902
world,2015,15.90723
world,2016,15.73129
world,2017,15.37489
world,2018,15.35938
world,2019,15.35835
