global,time,er_h2o_intr_pc
world,1962,13402.52816
world,1967,12061.91077
world,1972,10840.30562
world,1977,9851.9397
world,1982,9001.55505
world,1987,8228.07416
world,1992,8018.86016
world,1997,7374.29138
world,2002,7002.6548
world,2007,6575.79884
world,2012,6074.49628
world,2014,5932.85131
