global,time,sh_dyn_ncom_fe_zs
world,2000,18.47803
world,2001,18.23342
world,2002,18.23055
world,2003,18.06454
world,2004,17.67525
world,2005,17.37409
world,2006,17.00656
world,2007,16.71948
world,2008,16.47711
world,2009,16.17559
world,2010,16.04367
world,2011,15.86228
world,2012,15.66466
world,2013,15.37367
world,2014,15.23319
world,2015,15.26143
world,2016,15.18763
world,2017,14.97244
world,2018,14.86737
world,2019,14.77101
