global,time,sh_dyn_ncom_zs
world,2000,22.56461
world,2001,22.27755
world,2002,22.15084
world,2003,22.00773
world,2004,21.64273
world,2005,21.31706
world,2006,20.82542
world,2007,20.46739
world,2008,20.3164
world,2009,20.07054
world,2010,19.958
world,2011,19.7104
world,2012,19.48682
world,2013,19.10204
world,2014,18.89854
world,2015,18.85729
world,2016,18.78063
world,2017,18.59816
world,2018,18.60537
world,2019,18.48591
world,2020,18.31485
world,2021,18.28777
