global,time,se_sec_priv_zs
world,1998,19.21096
world,1999,19.13
world,2000,19.17445
world,2001,19.00827
world,2002,18.94098
world,2003,19.19668
world,2004,19.41977
world,2005,19.91012
world,2006,20.16797
world,2007,21.04376
world,2008,21.44021
world,2009,21.96967
world,2010,22.58867
world,2011,23.21927
world,2012,23.84868
world,2013,24.22353
world,2014,25.68907
world,2015,25.94257
world,2016,26.45672
world,2017,26.37334
world,2018,26.46609
