global,time,sh_dyn_ncom_fe_zs
world,2000,18.90058
world,2005,17.70715
world,2010,16.58332
world,2015,15.82514
world,2016,15.6511
