global,time,sh_sta_pois_p5_fe
world,2000,1.07442
world,2001,1.08717
world,2002,1.07911
world,2003,1.06691
world,2004,1.07928
world,2005,1.05129
world,2006,1.0601
world,2007,1.04978
world,2008,1.0687
world,2009,1.01969
world,2010,1.01941
world,2011,0.99311
world,2012,0.96567
world,2013,0.93762
world,2014,0.91052
world,2015,0.88081
world,2016,0.87649
world,2017,0.86889
world,2018,0.83828
world,2019,0.82534
