global,time,eg_elc_accs_zs
world,1998,72.65489
world,1999,74.13647
world,2000,78.73607
world,2001,78.22166
world,2002,79.39761
world,2003,80.00877
world,2004,80.16051
world,2005,80.16145
world,2006,81.25109
world,2007,82.20471
world,2008,82.28432
world,2009,82.76506
world,2010,83.29996
world,2011,82.11268
world,2012,84.73826
world,2013,85.01874
world,2014,85.5376
world,2015,86.56337
world,2016,87.71423
world,2017,88.60169
world,2018,89.41855
world,2019,90.08443
