global,time,sp_pop_scie_rd_p6
world,2000,1073.55429
world,2005,1198.21736
world,2010,1278.86609
world,2015,1403.91901
world,2018,1591.91398
