global,time,se_xpd_totl_gd_zs
world,1999,4.10883
world,2000,3.85399
world,2001,4.02032
world,2002,3.87853
world,2003,4.05787
world,2004,3.94351
world,2005,3.98487
world,2006,3.98219
world,2007,4.03342
world,2008,4.20415
world,2009,4.42207
world,2010,4.32781
world,2011,4.24209
world,2012,4.05602
world,2013,4.38733
world,2014,4.39979
world,2015,4.43405
world,2016,4.25408
world,2017,4.34297
world,2018,4.29407
world,2019,3.71132
