global,time,gc_xpn_gsrv_zs
world,2002,12.67164
world,2003,12.69446
world,2004,12.0322
world,2005,12.39118
world,2006,12.78384
world,2007,12.42171
world,2008,11.9965
world,2009,11.66466
world,2010,11.89901
world,2011,11.79022
world,2012,11.76886
world,2013,11.43151
world,2014,12.52048
world,2015,12.49614
world,2016,11.70113
world,2017,12.32864
world,2018,11.70532
world,2019,12.19816
world,2020,11.47805
world,2021,12.51073
world,2022,12.03667
