global,time,sh_xpd_ehex_pc_cd
world,2000,0.59264
world,2001,0.57698
world,2002,0.62865
world,2003,0.69662
world,2004,1.06718
world,2005,1.04192
world,2006,1.25218
world,2007,1.4337
world,2008,1.64492
world,2009,1.70294
world,2010,2.02725
world,2011,2.22265
world,2012,2.21732
world,2013,2.40529
world,2014,2.71975
world,2015,2.24084
world,2016,2.08052
world,2017,2.14857
