global,time,er_h2o_fwtl_zs
world,2014,9.01632
world,2015,9.01676
world,2016,9.10096
world,2017,9.17202
world,2018,9.14043
world,2019,9.16433
world,2020,9.07569
world,2021,9.23393
