global,time,sh_sta_bass_ur_zs
world,2000,77.76128
world,2001,78.0937
world,2002,78.45071
world,2003,78.81105
world,2004,79.19717
world,2005,79.61486
world,2006,80.05759
world,2007,80.52895
world,2008,81.00485
world,2009,81.48658
world,2010,81.97375
world,2011,82.42709
world,2012,82.92864
world,2013,83.44329
world,2014,83.9681
world,2015,84.50311
world,2016,85.04518
world,2017,85.60911
world,2018,86.1553
world,2019,86.68379
world,2020,87.20644
world,2021,87.81728
world,2022,88.31006
