global,time,sh_sta_bass_ru_zs
world,2000,34.29209
world,2001,35.18539
world,2002,36.68733
world,2003,38.10308
world,2004,39.51983
world,2005,40.95303
world,2006,42.71318
world,2007,44.15233
world,2008,45.60101
world,2009,47.04873
world,2010,48.49463
world,2011,49.83402
world,2012,51.28554
world,2013,52.77458
world,2014,54.25763
world,2015,55.73126
world,2016,57.20429
world,2017,58.69374
