global,time,sl_emp_totl_sp_ne_zs
world,2000,61.66499
world,2005,59.87224
world,2010,58.96515
world,2011,60.68314
world,2012,59.24819
world,2013,61.12405
world,2017,60.37067
world,2018,57.00503
world,2019,57.37905
