global,time,sh_sta_odfc_ru_zs
world,2000,36.79434
world,2001,35.79475
world,2002,34.7383
world,2003,33.75326
world,2004,32.74823
world,2005,31.70171
world,2006,30.59894
world,2007,29.50973
world,2008,28.39022
world,2009,27.2556
world,2010,26.10873
world,2011,25.05957
world,2012,23.85222
world,2013,22.63366
world,2014,21.39246
world,2015,20.14805
world,2016,18.87406
world,2017,17.70979
world,2018,16.37277
world,2019,15.06056
world,2020,13.7758
world,2021,12.40933
world,2022,11.28973
