global,time,sh_sta_traf_p5
world,2000,19.09831
world,2001,19.15457
world,2002,19.28108
world,2003,19.04035
world,2004,18.84278
world,2005,18.9381
world,2006,18.90439
world,2007,18.85337
world,2008,18.59465
world,2009,18.29284
world,2010,18.19587
world,2011,18.1948
world,2012,17.98158
world,2013,17.54593
world,2014,17.19579
world,2015,16.98868
world,2016,16.86898
world,2017,16.75527
world,2018,16.72824
world,2019,16.74351
