global,time,sl_uem_totl_ne_zs
world,1994,5.67655
world,1996,5.63473
world,1999,6.20545
world,2000,5.52626
world,2003,6.42747
world,2005,6.56544
world,2009,6.30674
world,2010,5.4673
world,2011,5.88938
world,2012,5.42182
world,2013,5.62443
world,2014,5.58412
world,2017,5.58785
world,2018,5.94619
world,2019,5.8672
world,2020,6.69743
world,2021,6.19356
