global,time,gc_xpn_gsrv_zs
world,2002,12.88625
world,2003,12.69446
world,2004,12.06279
world,2005,12.37767
world,2006,13.18921
world,2007,12.28863
world,2008,11.89774
world,2009,11.54872
world,2010,11.43654
world,2011,10.91198
world,2012,11.51218
world,2013,11.2085
world,2014,11.63771
world,2015,11.94989
world,2016,11.53078
world,2017,12.2357
world,2018,11.55431
world,2019,11.50756
world,2020,10.80313
