global,time,st_int_rcpt_xp_zs
world,1995,8.4437
world,1996,8.00012
world,1997,7.85329
world,1998,7.78495
world,1999,7.88233
world,2000,7.25613
world,2001,7.30056
world,2002,7.3141
world,2003,6.80388
world,2004,6.68631
world,2005,6.29412
world,2006,5.92731
world,2007,5.89909
world,2008,5.65926
world,2009,6.38842
world,2010,5.85722
world,2011,5.53274
world,2012,5.63188
world,2013,5.86081
world,2014,6.06567
world,2015,6.5435
world,2016,6.79881
world,2017,6.68271
world,2018,6.56736
