global,time,sh_sta_smss_ru_zs
world,2000,21.75677
world,2001,22.08322
world,2002,22.54264
world,2003,23.71722
world,2004,24.96573
world,2005,26.07164
world,2006,27.43533
world,2007,28.65944
world,2008,29.91914
world,2009,31.21337
world,2010,32.53624
world,2011,33.87435
world,2012,35.2575
world,2013,36.68575
world,2014,38.13158
world,2015,39.589
world,2016,41.05137
world,2017,42.51358
