global,time,tx_val_ictg_zs_un
world,2000,14.76821
world,2001,14.13967
world,2002,14.12708
world,2003,14.10595
world,2004,14.30536
world,2005,13.32935
world,2006,13.14133
world,2007,12.20918
world,2008,11.29207
world,2009,11.99057
world,2010,11.74493
world,2011,10.61019
world,2012,10.42023
world,2013,10.2267
world,2014,10.37841
world,2015,10.99238
world,2016,11.05337
world,2017,11.19699
world,2018,11.43575
