global,time,dt_nfl_unwt_cd
world,2016,13001312.25586
world,2017,12698454.85687
world,2018,9752626.41907
world,2019,8310646.05713
world,2020,8031026.84021
world,2021,13361281.39496
world,2022,12494375.22888
world,2023,14131677.62756
