global,time,se_xpd_totl_gd_zs
world,1999,4.06058
world,2000,3.87541
world,2001,4.04716
world,2002,4.03308
world,2003,4.18918
world,2004,4.06577
world,2005,4.06443
world,2006,4.15652
world,2007,4.10503
world,2008,4.27818
world,2009,4.50081
world,2010,4.09432
world,2011,4.13253
world,2012,4.22964
world,2013,4.34721
world,2014,4.25937
world,2015,4.2346
world,2016,4.17231
world,2017,4.18489
world,2018,4.09163
world,2019,4.13748
world,2020,4.44136
world,2021,4.24036
world,2022,3.77487
