global,time,gc_nld_totl_gd_zs
world,1995,-2.55595
world,1998,-0.798
world,1999,-0.11235
world,2002,-1.86656
world,2003,-2.57126
world,2004,-2.11046
world,2008,-2.38945
world,2009,-6.38135
world,2010,-5.4347
world,2011,-4.30836
world,2012,-3.84286
world,2013,-2.7226
world,2014,-2.73506
world,2015,-2.71803
world,2016,-2.65988
world,2017,-2.16137
world,2018,-2.28811
world,2019,-2.52699
world,2020,-9.48051
world,2021,-7.02307
world,2022,-3.22885
world,2023,-4.40724
