global,time,gc_rev_xgrt_gd_zs
world,1991,22.46474
world,1992,22.29878
world,1993,22.30118
world,1998,24.18192
world,1999,24.56557
world,2005,22.07785
world,2006,22.56418
world,2007,23.92322
world,2008,22.70915
world,2009,21.46767
world,2010,22.31108
world,2011,22.28258
world,2012,22.61184
world,2013,23.18774
world,2014,23.81205
world,2015,23.65029
world,2016,23.44266
world,2017,23.71277
world,2018,23.60809
world,2019,23.87426
world,2020,23.44627
world,2021,24.07084
