global,time,dc_dac_poll_cd
world,2005,47900001.52588
world,2006,121849998.47412
world,2007,155740005.49316
world,2008,83949996.94824
world,2009,92010002.13623
world,2010,96800003.05176
world,2011,90650001.52588
world,2012,111510002.13623
world,2013,127050003.05176
world,2014,82279998.7793
world,2015,100120002.74658
world,2016,148990005.49316
world,2017,222099990.84473
world,2018,238000000
world,2019,207540008.54492
world,2020,207679992.67578
world,2021,283790008.54492
