global,time,sh_h2o_smdw_ur_zs
world,2000,80.48066
world,2001,80.35525
world,2002,80.29248
world,2003,80.15286
world,2004,80.03333
world,2005,79.95515
world,2006,79.89637
world,2007,79.85106
world,2008,79.79552
world,2009,79.73297
world,2010,79.66727
world,2011,79.73146
world,2012,79.86041
world,2013,80.0216
world,2014,80.18175
world,2015,80.3671
world,2016,80.54384
world,2017,80.7099
world,2018,80.87455
world,2019,81.03073
world,2020,81.16303
world,2021,81.19723
world,2022,81.10659
