global,time,se_xpd_totl_gd_zs
world,1999,4.11037
world,2000,3.85399
world,2001,4.02032
world,2002,3.87853
world,2003,4.11728
world,2004,3.94351
world,2005,3.98487
world,2006,3.98219
world,2007,4.03342
world,2008,4.20415
world,2009,4.42207
world,2010,4.19864
world,2011,4.24209
world,2012,4.21035
world,2013,4.4313
world,2014,4.39989
world,2015,4.38716
world,2016,4.25408
world,2017,4.08554
world,2018,4.21257
world,2019,4.09531
world,2020,4.33205
