global,time,sh_sta_odfc_ur_zs
world,2000,4.99972
world,2001,4.81303
world,2002,4.6237
world,2003,4.45399
world,2004,4.27895
world,2005,4.09751
world,2006,3.91233
world,2007,3.72457
world,2008,3.53575
world,2009,3.34535
world,2010,3.15386
world,2011,2.98277
world,2012,2.78678
world,2013,2.58876
world,2014,2.38807
world,2015,2.185
world,2016,1.98099
world,2017,1.76474
world,2018,1.55875
world,2019,1.36314
world,2020,1.17645
world,2021,0.97277
world,2022,0.80303
