global,time,dc_dac_czel_cd
world,2005,64389999.38965
world,2006,77639999.38965
world,2007,80889999.38965
world,2008,117059997.55859
world,2009,100970001.2207
world,2010,79319999.69482
world,2011,76909996.03271
world,2012,66419998.16895
world,2013,57029998.7793
world,2014,62579998.01636
world,2015,70120002.74658
world,2016,71389999.38965
world,2017,80590003.96729
world,2018,100119995.11719
world,2019,95800003.05176
world,2020,72599998.47412
world,2021,88400001.52588
world,2022,80450000.2861
