global,time,sh_sta_hygn_zs
world,2017,68.69161
world,2018,69.51139
world,2019,70.12325
world,2020,70.71822
world,2021,71.53193
world,2022,72.04844
