global,time,sh_alc_pcap_li
world,2000,5.10916
world,2001,5.08293
world,2002,5.00784
world,2003,4.96427
world,2004,4.95719
world,2005,5.00661
world,2006,5.10562
world,2007,5.22691
world,2008,5.38013
world,2009,5.52492
world,2010,5.71316
world,2011,5.85417
world,2012,5.9448
world,2013,5.95311
world,2014,5.92296
world,2015,5.88625
world,2016,5.79508
world,2017,5.62414
world,2018,5.44173
world,2019,5.43067
world,2020,4.89176
