global,time,sh_dyn_ncom_ma_zs
world,2000,27.25638
world,2001,26.88036
world,2002,26.64412
world,2003,26.4017
world,2004,25.90749
world,2005,25.62389
world,2006,25.13834
world,2007,24.90257
world,2008,24.79922
world,2009,24.58375
world,2010,24.43269
world,2011,24.13245
world,2012,23.80596
world,2013,23.25156
world,2014,22.83759
world,2015,22.7369
world,2016,22.61663
world,2017,22.20572
world,2018,21.95958
world,2019,21.74799
