global,time,ic_imp_tmbc
world,2014,76.21872
world,2015,76.16702
world,2016,76.69202
world,2017,74.5016
world,2018,69.83386
world,2019,66.9984
