global,time,dt_nfl_ilog_cd
world,2012,243128128.05176
world,2013,304023345.94727
world,2014,227183303.83301
world,2015,290288909.91211
world,2016,244156936.64551
world,2017,275992309.57031
world,2018,229254272.46094
world,2019,284078765.86914
world,2020,218756454.46777
world,2021,257298675.53711
world,2022,243717025.75684
world,2023,191856658.93555
