global,time,sh_xpd_pvtd_ch_zs
world,2000,42.39836
world,2001,42.4203
world,2002,42.42807
world,2003,41.94093
world,2004,41.28763
world,2005,41.35492
world,2006,41.37989
world,2007,40.99928
world,2008,40.00739
world,2009,39.41987
world,2010,39.46275
world,2011,38.82744
world,2012,39.18758
world,2013,39.29041
world,2014,38.82991
world,2015,39.25374
world,2016,39.3898
world,2017,39.60787
world,2018,39.46446
world,2019,39.46688
world,2020,36.26516
world,2021,36.84185
