global,time,sh_xpd_ehex_pc_cd
world,2000,0.59469
world,2001,0.57654
world,2002,0.63396
world,2003,0.70395
world,2004,1.08639
world,2005,1.05531
world,2006,1.26639
world,2007,1.44485
world,2008,1.65877
world,2009,1.71622
world,2010,2.05601
world,2011,2.25064
world,2012,2.23669
world,2013,2.43876
world,2014,2.73112
world,2015,2.29145
world,2016,2.10258
world,2017,2.26019
world,2018,2.19952
