global,time,sh_xpd_oopc_ch_zs
world,2000,19.28478
world,2001,18.87595
world,2002,18.56726
world,2003,18.54888
world,2004,18.52834
world,2005,18.67729
world,2006,18.8347
world,2007,18.85378
world,2008,18.9354
world,2009,18.37575
world,2010,18.55971
world,2011,18.61334
world,2012,18.8014
world,2013,18.98466
world,2014,18.66658
world,2015,18.35794
world,2016,18.2031
world,2017,18.10871
world,2018,18.10411
world,2019,18.01669
world,2020,16.36373
