global,time,sh_h2o_basw_ur_zs
world,2000,95.12504
world,2001,95.14527
world,2002,95.21632
world,2003,95.28903
world,2004,95.35623
world,2005,95.45398
world,2006,95.52401
world,2007,95.60052
world,2008,95.67218
world,2009,95.74323
world,2010,95.8163
world,2011,95.86609
world,2012,95.94366
world,2013,96.0247
world,2014,96.11247
world,2015,96.21528
world,2016,96.30465
world,2017,96.40641
