global,time,ms_mil_xpnd_zs
world,1995,5.24589
world,1996,5.33745
world,1997,5.49035
world,2000,5.48958
world,2001,6.62676
world,2002,6.77451
world,2003,6.81355
world,2004,6.89284
world,2005,6.94317
world,2006,6.97707
world,2007,6.81487
world,2008,6.60418
world,2009,6.58967
world,2010,6.6352
world,2011,6.45448
world,2012,6.45993
world,2013,6.41192
world,2014,6.35274
world,2015,6.4869
world,2016,6.26731
world,2017,6.25688
world,2018,6.0793
