global,time,fb_atm_totl_p5
world,2004,18.30833
world,2005,15.86329
world,2006,18.95167
world,2007,25.6704
world,2008,27.21272
world,2009,28.19769
world,2010,29.02068
world,2011,30.03258
world,2012,31.92386
world,2013,34.56429
world,2014,35.98454
world,2015,37.3324
world,2016,38.98033
world,2017,39.83759
world,2018,41.63884
