global,time,en_atm_pm25_mc_zs
world,1990,95.32608
world,1995,95.19055
world,2000,95.23554
world,2005,95.46724
world,2010,95.17607
world,2011,95.80241
world,2012,94.51519
world,2013,93.78152
world,2014,92.72578
world,2015,92.65502
world,2016,91.3864
world,2017,91.37047
