global,time,ic_exp_csdc_cd
world,2014,126.4
world,2015,127.58936
world,2016,126.41383
world,2017,126.14734
world,2018,125.48138
