global,time,dt_oda_oatl_cd
world,1990,2033550048.82813
world,1991,6080359863.28125
world,1992,4113069824.21875
world,1993,3570719970.70313
world,1994,5026720214.84375
world,1995,6824429687.5
world,1996,4267020019.53125
world,1997,4963189941.40625
world,1998,6089969726.5625
world,1999,6054500000
world,2000,6393530273.4375
world,2001,5140850097.65625
world,2002,5203609863.28125
world,2003,5895180175.78125
world,2004,7431149902.34375
