global,time,fb_cbk_brch_p5
world,2004,9.79048
world,2005,10.55218
world,2006,11.04983
world,2007,11.6213
world,2008,11.69967
world,2009,11.07105
world,2010,10.98246
world,2011,11.40485
world,2012,11.49166
world,2013,11.93309
world,2014,12.33011
world,2015,11.56837
world,2016,12.35283
world,2017,11.92784
world,2018,11.51293
