global,time,sh_xpd_chex_gd_zs
world,2000,8.63018
world,2001,9.02664
world,2002,9.37011
world,2003,9.5176
world,2004,9.41887
world,2005,9.33834
world,2006,9.2585
world,2007,9.09939
world,2008,9.09216
world,2009,9.82434
world,2010,9.49245
world,2011,9.38071
world,2012,9.38957
world,2013,9.36627
world,2014,9.45042
world,2015,9.74288
world,2016,9.8779
world,2017,9.7824
world,2018,9.72279
world,2019,9.84452
