global,time,en_atm_pm25_mc_zs
world,1990,95.32608
world,1995,95.19055
world,2000,95.23554
world,2005,95.46724
world,2010,95.17611
world,2011,95.80238
world,2012,94.51527
world,2013,93.78189
world,2014,92.7267
world,2015,92.65644
world,2016,91.3884
world,2017,91.37248
