global,time,sh_xpd_ghed_gd_zs
world,2000,4.98354
world,2001,5.20652
world,2002,5.39823
world,2003,5.53443
world,2004,5.52835
world,2005,5.47523
world,2006,5.44639
world,2007,5.37671
world,2008,5.464
world,2009,5.9603
world,2010,5.75161
world,2011,5.73732
world,2012,5.70827
world,2013,5.66952
world,2014,5.75139
world,2015,5.89253
world,2016,5.94062
world,2017,5.87558
world,2018,5.86507
