global,time,bx_gsr_ccis_zs
world,1995,3.07119
world,1996,3.15178
world,1997,3.46221
world,1998,3.92773
world,1999,4.83176
world,2000,5.17945
world,2001,5.6576
world,2002,5.71907
world,2003,6.30694
world,2004,6.35077
world,2005,7.09954
world,2006,7.42543
world,2007,7.5196
world,2008,8.03831
world,2009,8.72422
world,2010,8.6291
world,2011,8.73701
world,2012,9.08333
world,2013,9.22402
world,2014,9.5466
world,2015,8.82573
world,2016,9.17268
world,2017,10.44843
