global,time,sh_xpd_ehex_pc_cd
world,2000,0.6702
world,2001,0.65237
world,2002,0.72524
world,2003,0.89327
world,2004,1.34364
world,2005,1.53744
world,2006,1.58798
world,2007,1.8218
world,2008,2.07692
world,2009,2.249
world,2010,2.52063
world,2011,2.85805
world,2012,2.81512
world,2013,3.01474
world,2014,3.04156
world,2015,2.56008
world,2016,2.37983
world,2017,2.41712
world,2018,2.39953
world,2019,2.53613
world,2020,2.48762
