global,time,it_net_bbnd_p2
world,2001,0.84105
world,2002,1.34572
world,2003,1.97939
world,2004,2.95254
world,2005,3.65876
world,2006,4.65117
world,2007,5.36407
world,2008,6.24846
world,2009,7.07303
world,2010,7.81686
world,2011,8.9502
world,2012,9.31151
world,2013,9.72485
world,2014,10.13767
world,2015,11.45076
world,2016,12.35282
world,2017,13.66373
world,2018,14.46324
world,2019,14.7658
world,2020,15.79446
world,2021,16.90593
world,2022,18.42808
