global,time,sh_sta_orth
world,1986,20.05547
world,1987,24.87834
world,1989,34.56621
