global,time,sh_xpd_ehex_pc_cd
world,2000,0.64864
world,2001,0.63695
world,2002,0.72184
world,2003,0.88299
world,2004,1.32846
world,2005,1.54584
world,2006,1.59368
world,2007,1.81491
world,2008,2.07331
world,2009,2.25145
world,2010,2.52209
world,2011,2.87666
world,2012,2.79748
world,2013,3.00352
world,2014,3.02271
world,2015,2.55102
world,2016,2.41847
world,2017,2.42433
world,2018,2.46067
world,2019,2.65511
world,2020,2.62498
world,2021,3.61829
world,2022,3.87556
