global,time,nv_ind_manf_kd_zg
world,1998,1.28707
world,1999,3.32025
world,2000,6.22335
world,2001,-1.36269
world,2002,1.17312
world,2003,3.54006
world,2004,5.51538
world,2005,3.55316
world,2006,5.43544
world,2007,4.35463
world,2008,-0.38658
world,2009,-9.83035
world,2010,8.68125
world,2011,2.82599
world,2012,0.45458
world,2013,1.59442
world,2014,2.80044
world,2015,2.52249
world,2016,1.46595
world,2017,3.72857
world,2018,3.21217
world,2019,0.83869
