global,time,sh_sta_odfc_zs
world,2000,21.73776
world,2001,20.98298
world,2002,20.19197
world,2003,19.46667
world,2004,18.73288
world,2005,17.97967
world,2006,17.12708
world,2007,16.3703
world,2008,15.59055
world,2009,14.82588
world,2010,14.0634
world,2011,13.38826
world,2012,12.62524
world,2013,11.86105
world,2014,11.09391
world,2015,10.37928
world,2016,9.61216
world,2017,8.96697
world,2018,8.18587
world,2019,7.43056
world,2020,6.70616
world,2021,5.93651
world,2022,5.32378
