global,time,sp_pop_scie_rd_p6
world,2000,1078.13426
world,2005,1194.04714
world,2010,1265.60247
world,2015,1384.40602
world,2018,1524.26789
