global,time,sh_xpd_ghed_gd_zs
world,2000,4.94913
world,2001,5.16919
world,2002,5.36497
world,2003,5.49773
world,2004,5.49116
world,2005,5.43927
world,2006,5.39576
world,2007,5.32548
world,2008,5.41301
world,2009,5.9061
world,2010,5.69372
world,2011,5.68741
world,2012,5.65987
world,2013,5.63323
world,2014,5.73071
world,2015,5.88477
world,2016,5.9333
world,2017,5.85546
world,2018,5.83605
world,2019,5.91654
world,2020,6.90615
