global,time,sh_prv_smok_fe
world,2000,17.85777
world,2005,14.82415
world,2010,12.34495
world,2015,10.33746
world,2018,9.29515
world,2019,8.96517
world,2020,8.68668
