global,time,nv_srv_totl_kd_zg
world,1996,3.30356
world,1997,3.76494
world,1998,3.02445
world,1999,3.3892
world,2000,4.07963
world,2001,2.73845
world,2002,2.54778
world,2003,2.58911
world,2004,3.64844
world,2005,4.05918
world,2006,3.97138
world,2007,4.20203
world,2008,2.15338
world,2009,-0.38252
world,2010,3.15848
world,2011,3.01119
world,2012,2.79785
world,2013,2.49945
world,2014,2.6804
world,2015,2.85208
world,2016,2.5341
world,2017,3.04965
world,2018,3.20768
