global,time,bx_trf_pwkr_cd
world,2006,193359004945.504
world,2007,228123751472.05103
world,2008,262274941337.71103
world,2009,251181559882.84097
world,2010,272476330556.97894
world,2011,302991820399.10394
world,2012,322881600122.242
world,2013,337562037623.14899
world,2014,358068974874.68292
world,2015,355545887650.11395
world,2016,350837173886.80603
world,2017,385992178922.27997
world,2018,420138501341.24799
