global,time,er_ptd_totl_zs
world,2016,13.34639
world,2017,14.33755
world,2018,14.33758
world,2019,14.59645
world,2020,14.8542
