global,time,sh_sta_bass_ru_zs
world,2000,33.96378
world,2001,34.97873
world,2002,36.61068
world,2003,38.16148
world,2004,39.7213
world,2005,41.30236
world,2006,42.89618
world,2007,44.51106
world,2008,46.14306
world,2009,47.78047
world,2010,49.42163
world,2011,50.96107
world,2012,52.62118
world,2013,54.28711
world,2014,55.95536
world,2015,57.62364
world,2016,59.29293
world,2017,60.96659
world,2018,62.61243
world,2019,64.16181
world,2020,65.73913
