global,time,sl_tlf_cact_ne_zs
world,2000,63.68864
world,2001,65.20081
world,2005,64.32194
world,2006,64.42648
world,2009,64.34311
world,2010,62.16119
world,2011,64.10541
world,2012,61.81264
world,2013,64.24761
world,2014,63.73985
world,2015,64.34402
world,2016,63.88946
world,2019,58.17275
