global,time,sh_sgr_irsk_zs
world,2008,26.89015
world,2009,26.83639
world,2010,25.78468
world,2011,28.76562
world,2012,27.7503
world,2013,26.2256
world,2014,25.68271
world,2015,24.73772
world,2016,24.34542
world,2017,23.55425
