global,time,se_sec_tcaq_up_ma_zs
world,2016,84.42407
world,2017,84.96028
world,2018,82.99714
world,2019,81.60276
world,2020,81.87943
world,2021,84.40359
