global,time,sh_prv_smok
world,2000,34.33525
world,2005,30.75373
world,2007,29.42988
world,2010,27.59536
world,2015,24.87926
world,2020,22.57509
world,2021,22.12842
world,2022,21.74111
