global,time,st_int_xpnd_mp_zs
world,1995,7.44008
world,1996,7.73326
world,1997,7.55814
world,1998,7.63283
world,1999,7.38036
world,2000,6.72202
world,2001,6.85248
world,2002,6.92213
world,2003,6.54572
world,2004,6.23198
world,2005,6.07144
world,2006,5.59474
world,2007,5.64443
world,2008,5.33199
world,2009,6.22013
world,2010,5.76932
world,2011,5.3653
world,2012,5.235
world,2013,5.345
world,2014,5.50204
world,2015,5.66758
world,2016,5.82363
world,2017,5.8135
world,2018,5.71781
world,2019,5.99617
