global,time,sh_dyn_ncom_zs
world,2000,22.89201
world,2001,22.60291
world,2002,22.48573
world,2003,22.27602
world,2004,21.81688
world,2005,21.53424
world,2006,21.09427
world,2007,20.80636
world,2008,20.63603
world,2009,20.39123
world,2010,20.24568
world,2011,20.00675
world,2012,19.74912
world,2013,19.29562
world,2014,19.02928
world,2015,18.97138
world,2016,18.88924
world,2017,18.59163
world,2018,18.41367
world,2019,18.27311
