global,time,gc_rev_gotr_zs
world,2004,15.45155
world,2005,14.55509
world,2006,14.44298
world,2007,14.55011
world,2008,15.72793
world,2009,16.13538
world,2010,16.64314
world,2011,16.53772
world,2012,15.79261
world,2013,16.0337
world,2014,17.11725
world,2015,16.67648
world,2016,16.60341
world,2017,17.30346
world,2018,15.83826
