global,time,sh_xpd_ehex_pp_cd
world,2000,2.20798
world,2001,2.37199
world,2002,2.62456
world,2003,2.93731
world,2004,4.11159
world,2005,4.21968
world,2006,4.50516
world,2007,4.79309
world,2008,5.05765
world,2009,5.58576
world,2010,5.71735
world,2011,6.21271
world,2012,6.05706
world,2013,6.51501
world,2014,6.86207
world,2015,6.26626
world,2016,6.27478
world,2017,6.36471
world,2018,6.25377
world,2019,6.72949
world,2020,6.6992
