global,time,sh_prv_smok_ma
world,2007,45.61404
world,2010,43.4946
world,2012,42.16803
world,2014,40.81965
world,2016,39.64916
world,2018,38.51512
