global,time,sh_sgr_irsk_zs
world,2003,54.61965
world,2004,53.33745
world,2005,51.31373
world,2006,49.2376
world,2007,47.75995
world,2008,45.97974
world,2009,45.24304
world,2010,42.96654
world,2011,40.23388
world,2012,38.74435
world,2013,36.7793
world,2014,35.13853
world,2015,33.50098
world,2016,32.18455
world,2017,31.03731
world,2018,29.51293
world,2019,27.05784
world,2020,28.53524
world,2021,24.81137
world,2022,25.39266
