global,time,en_atm_noxe_eg_zs
world,1990,9.07946
world,1991,9.27615
world,1992,9.38824
world,1993,9.57754
world,1994,9.36015
world,1995,9.33457
world,1996,9.41217
world,1997,9.63574
world,1998,9.65291
world,1999,9.57558
world,2000,9.72086
world,2001,9.64879
world,2002,9.50575
world,2003,9.61786
world,2004,9.4009
world,2005,9.39705
world,2006,9.34538
world,2007,9.23112
world,2008,9.35031
