global,time,tx_val_ictg_zs_un
world,2000,15.12528
world,2001,14.63073
world,2002,14.81077
world,2003,14.93224
world,2004,15.20221
world,2005,14.27871
world,2006,14.23165
world,2007,13.14601
world,2008,12.24372
world,2009,13.08344
world,2010,12.86587
world,2011,11.64066
world,2012,11.52045
world,2013,11.3258
world,2014,11.42689
world,2015,11.93889
world,2016,12.12576
world,2017,12.34712
world,2018,12.46427
world,2019,12.54631
world,2020,13.37484
world,2021,13.16221
world,2022,11.91928
