global,time,dt_nfl_uncd_cd
world,2020,10742618.56079
world,2021,11734906.19659
world,2022,13358247.75696
world,2023,8724894.52362
