global,time,dt_nfl_uncv_cd
world,2021,21298030.14832
world,2022,-813483.75598
