global,time,gc_tax_gsrv_rv_zs
world,2002,39.04735
world,2003,38.14903
world,2004,38.94131
world,2005,39.56185
world,2006,38.32571
world,2007,37.84734
world,2008,37.56718
world,2009,37.5519
world,2010,36.84404
world,2011,38.51077
world,2012,37.80324
world,2013,37.81093
world,2014,38.93206
world,2015,39.88739
world,2016,41.05355
world,2017,40.33909
world,2018,39.87934
world,2019,40.03785
world,2020,39.29797
world,2021,40.69526
world,2022,39.55624
