global,time,gc_rev_gotr_zs
world,2004,15.45155
world,2005,14.73411
world,2006,14.4968
world,2007,14.95518
world,2008,15.47199
world,2009,15.94017
world,2010,16.27107
world,2011,16.08625
world,2012,15.66923
world,2013,15.8504
world,2014,17.28596
world,2015,16.68858
world,2016,16.60609
world,2017,17.35728
world,2018,16.08035
