global,time,sh_xpd_ghed_pp_cd
world,2000,325.70648
world,2001,350.99017
world,2002,372.14728
world,2003,391.34372
world,2004,413.906
world,2005,437.82509
world,2006,475.33024
world,2007,504.58605
world,2008,540.65183
world,2009,584.45853
world,2010,599.00506
world,2011,631.68985
world,2012,656.97201
world,2013,689.19038
world,2014,725.90612
world,2015,762.64682
world,2016,783.89519
world,2017,815.58605
world,2018,844.43203
