global,time,gc_xpn_trft_zs
world,2002,40.26451
world,2003,37.3266
world,2004,37.54859
world,2005,38.21465
world,2006,37.77231
world,2007,37.78531
world,2008,39.95356
world,2009,41.62578
world,2010,41.57029
world,2011,41.1569
world,2012,42.14437
world,2013,41.95429
world,2014,41.34953
world,2015,40.536
world,2016,40.93873
world,2017,40.21532
world,2018,41.39951
world,2019,40.57558
world,2020,44.70517
world,2021,44.68837
world,2022,44.47749
