global,time,er_h2o_fwin_zs
world,2014,16.85189
world,2015,16.33615
world,2016,16.06764
world,2017,16.28803
world,2018,16.37239
world,2019,16.16814
