global,time,sl_emp_totl_sp_ne_zs
world,2000,60.72512
world,2005,60.94243
world,2010,59.01569
world,2011,60.72988
world,2012,58.79718
world,2013,61.0307
world,2014,60.46635
world,2015,60.85457
world,2016,60.43522
world,2017,60.3739
world,2018,56.98048
world,2019,57.52073
