global,time,er_mrn_ptmr_zs
world,2016,8.38692
world,2017,10.97908
world,2018,10.96459
world,2019,11.57174
world,2020,13.10353
world,2021,11.91744
world,2022,12.04671
