global,time,ic_exp_tmdc
world,2014,54.99358
world,2015,53.94309
world,2016,52.9016
world,2017,51.10106
world,2018,48.15873
world,2019,44.57926
