global,time,se_sec_tcaq_ma_zs
world,2016,83.14703
world,2017,83.30224
world,2018,84.59286
world,2019,82.10503
world,2020,82.42487
world,2021,84.37253
world,2022,83.81785
