global,time,sh_xpd_pvtd_pc_cd
world,2000,204.14603
world,2001,209.97514
world,2002,222.70184
world,2003,246.66558
world,2004,267.63958
world,2005,284.21319
world,2006,299.72016
world,2007,325.83062
world,2008,345.68129
world,2009,345.44405
world,2010,361.85495
world,2011,384.67102
world,2012,392.62896
world,2013,401.83556
world,2014,407.69254
world,2015,396.42911
world,2016,409.03644
world,2017,429.81104
world,2018,447.07412
