global,time,bx_gsr_ccis_zs
world,1995,3.07127
world,1996,3.15155
world,1997,3.46225
world,1998,3.9278
world,1999,4.80612
world,2000,5.14598
world,2001,5.61211
world,2002,5.68391
world,2003,6.27381
world,2004,6.32584
world,2005,7.07598
world,2006,7.39898
world,2007,7.49941
world,2008,8.02216
world,2009,8.69035
world,2010,8.57061
world,2011,8.6912
world,2012,9.0127
world,2013,9.16546
world,2014,9.49451
world,2015,8.77502
world,2016,9.12258
world,2017,10.36027
