global,time,sh_xpd_ghed_ch_zs
world,2000,57.55137
world,2001,57.50352
world,2002,57.50001
world,2003,58.06724
world,2004,58.63122
world,2005,58.55177
world,2006,58.80212
world,2007,59.13133
world,2008,59.98564
world,2009,60.48602
world,2010,60.3094
world,2011,60.96666
world,2012,60.61474
world,2013,60.42427
world,2014,60.76909
world,2015,60.15913
world,2016,59.76662
world,2017,59.53976
