global,time,dc_dac_estl_cd
world,2005,1730000.00417
world,2006,1639999.97824
world,2007,1979999.99486
world,2010,3779999.96021
world,2011,4139999.98197
world,2012,6209999.99717
world,2013,8430000.04999
world,2014,10219999.92989
world,2015,9579999.95351
world,2016,10619999.84272
world,2017,7729999.9129
world,2018,11189999.86164
world,2019,8639999.91864
world,2020,9010000.11526
world,2021,16059999.95396
world,2022,10359999.90255
