global,time,sh_xpd_chex_gd_zs
world,2000,8.62232
world,2001,9.00856
world,2002,9.35017
world,2003,9.50581
world,2004,9.39788
world,2005,9.32992
world,2006,9.25383
world,2007,9.08456
world,2008,9.08924
world,2009,9.83414
world,2010,9.4992
world,2011,9.35833
world,2012,9.37101
world,2013,9.34386
world,2014,9.4527
world,2015,9.73196
world,2016,9.86882
world,2017,9.75442
world,2018,9.67722
world,2019,9.80832
world,2020,10.86802
world,2021,10.35869
