global,time,se_prm_tcaq_fe_zs
world,2012,86.5627
world,2013,83.98073
world,2014,83.72208
world,2015,82.82894
world,2016,80.93555
world,2017,82.26039
world,2018,83.40664
world,2019,82.90244
world,2020,83.20897
world,2021,83.60862
world,2022,83.24547
world,2023,83.41333
world,2024,83.0043
