global,time,sl_uem_totl_ne_zs
world,1994,5.63536
world,1996,5.61213
world,1999,6.20901
world,2000,5.33709
world,2001,6.0316
world,2003,6.42229
world,2005,6.55619
world,2006,5.737
world,2007,5.51518
world,2009,6.28927
world,2010,5.47289
world,2011,5.90541
world,2012,5.40805
world,2013,5.61094
world,2014,5.60214
world,2017,5.57727
world,2018,5.91169
world,2019,5.89363
world,2020,6.67658
world,2021,6.20304
