global,time,sl_emp_totl_sp_ne_zs
world,2000,60.81088
world,2005,59.61987
world,2010,59.05602
world,2011,60.8066
world,2012,58.6529
world,2013,61.10026
world,2014,60.52327
world,2016,60.49257
world,2017,60.39121
world,2018,56.99891
world,2019,57.49696
