global,time,se_xpd_totl_gb_zs
world,2013,16.26138
world,2017,13.56491
world,2019,14.22594
world,2020,12.8217
world,2021,12.73621
