global,time,se_prm_tcaq_fe_zs
world,2013,88.55693
world,2014,88.15738
world,2015,87.65245
world,2016,86.17693
world,2017,86.93492
world,2018,88.10206
world,2019,87.69869
world,2020,87.49292
