global,time,gc_xpn_intp_zs
world,2002,8.01932
world,2003,7.7915
world,2004,7.12881
world,2005,6.33166
world,2006,6.17542
world,2007,5.8529
world,2008,5.51597
world,2009,5.23098
world,2010,5.23862
world,2011,5.36458
world,2012,5.68337
world,2013,5.6026
world,2014,5.52964
world,2015,5.93522
world,2016,6.79584
world,2017,6.44451
world,2018,6.77116
world,2019,6.21624
world,2020,5.71121
world,2021,6.02144
world,2022,5.76972
