global,time,sh_sta_odfc_ru_zs
world,2000,36.8326
world,2001,35.82508
world,2002,34.76167
world,2003,33.77151
world,2004,32.75969
world,2005,31.70687
world,2006,30.59766
world,2007,29.50082
world,2008,28.37743
world,2009,27.23527
world,2010,26.07639
world,2011,25.02182
world,2012,23.81275
world,2013,22.58933
world,2014,21.34653
world,2015,20.10234
world,2016,18.83027
world,2017,17.66401
world,2018,16.32491
world,2019,15.01093
world,2020,13.72782
world,2021,12.36444
world,2022,11.25036
