global,time,sh_sta_bass_zs
world,2000,55.36484
world,2001,56.2355
world,2002,57.46211
world,2003,58.60279
world,2004,59.75401
world,2005,61.05208
world,2006,62.22899
world,2007,63.42375
world,2008,64.61832
world,2009,65.80195
world,2010,66.9739
world,2011,68.04016
world,2012,69.19603
world,2013,70.35431
world,2014,71.51158
world,2015,72.66382
world,2016,73.80395
world,2017,74.828
world,2018,75.93137
world,2019,76.90869
world,2020,77.93341
