global,time,sl_tlf_cact_ne_zs
world,2000,64.40921
world,2001,65.07288
world,2005,64.26533
world,2009,64.29033
world,2010,61.81486
world,2011,64.34443
world,2012,61.97461
world,2013,64.06229
world,2015,64.34215
