global,time,it_net_secr_p6
world,2010,186.00047
world,2011,237.20543
world,2012,322.64813
world,2013,367.81071
world,2014,446.61999
world,2015,568.35179
world,2016,1256.2564
world,2017,3487.67938
world,2018,6116.70383
world,2019,9900.47311
world,2020,11417.41183
