global,time,gc_xpn_othr_zs
world,2004,6.75417
world,2005,5.71532
world,2006,5.86192
world,2007,6.62737
world,2008,6.29449
world,2009,6.57669
world,2010,6.59953
world,2011,5.96927
world,2012,5.9265
world,2013,5.86582
world,2014,5.80263
world,2015,5.82555
world,2016,5.49327
world,2017,5.41233
world,2018,6.00294
world,2019,5.6788
world,2020,5.93917
world,2021,6.05869
