global,time,sh_sta_bass_ur_zs
world,2000,77.5109
world,2001,77.85484
world,2002,78.18216
world,2003,78.50663
world,2004,78.8459
world,2005,79.20826
world,2006,79.84464
world,2007,80.2441
world,2008,80.64514
world,2009,81.05283
world,2010,81.46554
world,2011,81.8429
world,2012,82.26666
world,2013,82.69714
world,2014,83.1251
world,2015,83.54486
world,2016,83.95996
world,2017,84.41073
