global,time,sh_h2o_basw_ur_zs
world,2000,95.02531
world,2001,95.06782
world,2002,95.13016
world,2003,95.1943
world,2004,95.25447
world,2005,95.28504
world,2006,95.34651
world,2007,95.41603
world,2008,95.48163
world,2009,95.54705
world,2010,95.6124
world,2011,95.65469
world,2012,95.72597
world,2013,95.79951
world,2014,95.87587
world,2015,95.979
world,2016,96.06403
world,2017,96.15921
world,2018,96.26067
world,2019,96.34705
world,2020,96.4206
world,2021,96.48319
world,2022,96.55715
