global,time,sh_sta_suic_ma_p5
world,2000,16.72241
world,2001,16.26108
world,2002,16.14867
world,2003,16.16439
world,2004,16.0462
world,2005,15.94772
world,2006,15.45141
world,2007,15.14817
world,2008,15.10329
world,2009,14.85933
world,2010,14.60029
world,2011,14.3027
world,2012,14.00857
world,2013,13.68148
world,2014,13.37481
world,2015,13.03156
world,2016,12.86378
world,2017,12.77884
world,2018,12.76022
world,2019,12.58009
