global,time,dt_nfl_iaea_cd
world,2006,73349998.47412
world,2007,71900001.52588
world,2008,75470001.2207
world,2009,64319999.69482
world,2010,87589996.33789
world,2011,70209999.08447
world,2012,68879997.25342
world,2013,80059997.55859
world,2014,74129997.25342
world,2015,63780044.55566
world,2016,71462371.82617
world,2017,76756561.2793
world,2018,75731285.09521
