global,time,sh_sta_odfc_ur_zs
world,2000,5.32939
world,2001,5.10233
world,2002,4.87943
world,2003,4.67791
world,2004,4.47391
world,2005,4.25903
world,2006,3.98751
world,2007,3.76906
world,2008,3.54806
world,2009,3.32525
world,2010,3.09998
world,2011,2.88934
world,2012,2.65848
world,2013,2.4254
world,2014,2.18921
world,2015,1.95201
world,2016,1.71544
world,2017,1.48537
