global,time,sh_sta_odfc_ur_zs
world,2000,5.32871
world,2001,5.10168
world,2002,4.87885
world,2003,4.67737
world,2004,4.47341
world,2005,4.25856
world,2006,3.98708
world,2007,3.76866
world,2008,3.54775
world,2009,3.3249
world,2010,3.09966
world,2011,2.88903
world,2012,2.6582
world,2013,2.42514
world,2014,2.18897
world,2015,1.95177
world,2016,1.71521
world,2017,1.48521
