global,time,eg_elc_accs_ru_zs
world,2000,65.63454
world,2001,64.77575
world,2002,66.62684
world,2003,67.07605
world,2004,67.19787
world,2005,67.63024
world,2006,68.91178
world,2007,69.90575
world,2008,70.29097
world,2009,71.19954
world,2010,71.64024
world,2011,68.74801
world,2012,74.22389
world,2013,74.27831
world,2014,74.6695
world,2015,77.01143
world,2016,79.47356
world,2017,80.79681
world,2018,82.0106
