global,time,sh_sta_suic_fe_p5
world,2000,9.65191
world,2005,9.29071
world,2010,8.5642
world,2015,7.82589
world,2016,7.71213
