global,time,sh_sgr_crsk_zs
world,2008,33.84806
world,2009,32.37378
world,2010,31.46651
world,2011,33.85821
world,2012,33.37587
world,2013,32.52092
world,2014,30.42822
world,2015,29.0345
world,2016,28.90268
world,2017,28.13833
