global,time,sh_sta_smss_zs
world,2000,28.20485
world,2001,28.39666
world,2002,28.65354
world,2003,29.59818
world,2004,30.59817
world,2005,31.45184
world,2006,32.7365
world,2007,33.78365
world,2008,34.85084
world,2009,35.94851
world,2010,37.05802
world,2011,38.16505
world,2012,39.28731
world,2013,40.42944
world,2014,41.57648
world,2015,42.7286
world,2016,43.86082
world,2017,44.98702
