global,time,sh_sta_odfc_ur_zs
world,2000,4.99972
world,2001,4.81303
world,2002,4.6237
world,2003,4.45399
world,2004,4.27896
world,2005,4.09754
world,2006,3.91237
world,2007,3.72486
world,2008,3.536
world,2009,3.34553
world,2010,3.15395
world,2011,2.98277
world,2012,2.78679
world,2013,2.58888
world,2014,2.38836
world,2015,2.18541
world,2016,1.98143
world,2017,1.76509
world,2018,1.55891
world,2019,1.36312
world,2020,1.17637
world,2021,0.97265
world,2022,0.80295
