global,time,sh_sta_odfc_ur_zs
world,2000,4.99972
world,2001,4.81303
world,2002,4.6237
world,2003,4.45399
world,2004,4.27895
world,2005,4.09751
world,2006,3.91233
world,2007,3.72482
world,2008,3.53595
world,2009,3.34548
world,2010,3.15389
world,2011,2.98274
world,2012,2.78684
world,2013,2.58898
world,2014,2.3885
world,2015,2.1856
world,2016,1.98165
world,2017,1.76533
world,2018,1.55915
world,2019,1.36337
world,2020,1.17661
world,2021,0.97276
world,2022,0.80306
