global,time,sh_med_phys_zs
world,1990,1.29005
world,2000,1.24422
world,2010,1.33013
world,2017,1.56317
