global,time,sh_mlr_incd_p3
world,2000,82.8202
world,2001,82.89692
world,2002,80.07837
world,2003,79.8156
world,2004,78.88011
world,2005,76.99752
world,2006,74.10512
world,2007,72.15475
world,2008,70.9249
world,2009,71.23995
world,2010,70.10337
world,2011,67.31305
world,2012,65.16118
world,2013,62.80137
world,2014,61.07835
world,2015,60.12909
world,2016,59.62457
world,2017,59.89832
world,2018,57.76879
world,2019,57.16067
world,2020,59.97685
