global,time,gc_nld_totl_gd_zs
world,1995,-2.86358
world,1996,-2.05942
world,1997,-1.06942
world,1998,-0.86217
world,1999,-0.15371
world,2000,0.78775
world,2002,-1.80522
world,2003,-2.54857
world,2004,-2.06153
world,2008,-2.21725
world,2009,-6.19081
world,2010,-5.57512
world,2011,-4.22045
world,2012,-3.60228
world,2013,-2.58042
world,2014,-2.60131
world,2015,-2.59694
world,2016,-2.5224
world,2017,-2.0083
world,2018,-2.18111
world,2019,-2.35229
