global,time,sh_sta_suic_ma_p5
world,2000,16.05582
world,2005,15.31254
world,2010,14.32657
world,2015,13.62244
world,2016,13.50576
