global,time,gc_xpn_othr_zs
world,2003,5.76989
world,2004,6.75417
world,2005,5.69728
world,2006,5.76424
world,2007,6.62737
world,2008,6.46367
world,2009,6.63777
world,2010,6.17771
world,2011,5.89275
world,2012,5.89814
world,2013,5.70379
world,2014,5.77137
world,2015,5.82638
world,2016,5.42284
world,2017,5.39628
world,2018,6.12498
