global,time,er_h2o_fwag_zs
world,2014,71.22697
world,2015,71.57734
world,2016,71.45736
world,2017,71.36572
world,2018,71.20462
world,2019,70.99808
world,2020,71.3079
