global,time,ms_mil_xpnd_zs
world,1995,5.15383
world,2001,6.70006
world,2002,6.82246
world,2003,6.87944
world,2004,6.97664
world,2005,6.99292
world,2006,7.045
world,2007,6.88917
world,2008,6.65894
world,2009,6.62295
world,2010,6.71094
world,2011,6.50418
world,2012,6.52625
world,2013,6.4339
world,2014,6.35003
world,2015,6.46796
world,2016,6.28631
world,2017,6.23257
world,2018,6.10282
world,2019,6.128
world,2020,5.64298
world,2021,5.61521
world,2022,6.22962
world,2023,6.72382
