global,time,fb_cbk_brch_p5
world,2004,9.98344
world,2005,10.69436
world,2006,10.9912
world,2007,11.48141
world,2008,11.68883
world,2009,10.97759
world,2010,10.83609
world,2011,11.63574
world,2012,11.89665
world,2013,11.96704
world,2014,12.2531
world,2015,12.03693
world,2016,11.97246
world,2017,11.50584
world,2018,11.47401
world,2019,10.74462
world,2020,10.42065
world,2021,11.10689
world,2022,10.80142
world,2023,12.29584
