global,time,sl_uem_1524_ne_zs
world,2000,11.70555
world,2018,17.25628
world,2019,16.63121
world,2020,18.15648
world,2021,16.62296
