global,time,sh_h2o_basw_ru_zs
world,2000,68.14474
world,2001,68.55169
world,2002,69.2846
world,2003,70.02093
world,2004,70.75779
world,2005,72.0534
world,2006,72.76863
world,2007,73.4783
world,2008,74.17763
world,2009,74.8788
world,2010,75.57452
world,2011,76.17454
world,2012,76.86183
world,2013,77.54413
world,2014,78.22034
world,2015,78.89603
world,2016,79.56067
world,2017,80.24559
world,2018,80.91319
world,2019,81.56601
world,2020,82.21544
world,2021,82.95973
world,2022,83.70159
