global,time,sh_xpd_ghed_gd_zs
world,2000,4.96711
world,2001,5.18894
world,2002,5.37431
world,2003,5.51154
world,2004,5.49663
world,2005,5.44534
world,2006,5.41894
world,2007,5.35052
world,2008,5.44322
world,2009,5.94926
world,2010,5.7399
world,2011,5.72511
world,2012,5.69545
world,2013,5.70525
world,2014,5.78678
world,2015,5.91816
world,2016,5.97037
world,2017,5.89327
