global,time,gc_tax_othr_rv_zs
world,2003,1.13606
world,2004,1.6959
world,2005,1.97801
world,2006,1.93251
world,2007,1.22022
world,2008,1.09326
world,2009,1.21113
world,2010,1.20682
world,2011,1.20514
world,2012,1.01505
world,2013,0.96412
world,2014,0.79503
world,2015,1.01212
world,2016,1.08214
world,2017,1.09187
world,2018,1.00428
world,2019,0.94435
world,2020,0.95843
world,2021,0.88243
world,2022,0.7164
