global,time,sh_xpd_oopc_pc_cd
world,2000,92.95219
world,2001,93.78583
world,2002,97.27675
world,2003,108.64247
world,2004,119.37259
world,2005,127.53786
world,2006,135.74971
world,2007,149.93438
world,2008,162.25395
world,2009,159.23868
world,2010,168.49298
world,2011,183.0254
world,2012,186.25681
world,2013,191.38638
world,2014,192.13627
world,2015,181.57234
world,2016,184.45369
world,2017,193.25797
world,2018,200.97026
