global,time,sh_alc_pcap_fe_li
world,2000,2.41678
world,2005,2.40129
world,2010,2.6958
world,2015,2.66601
world,2018,2.61371
