global,time,sh_sgr_irsk_zs
world,2003,54.67195
world,2004,53.38897
world,2005,51.36533
world,2006,49.29697
world,2007,47.82897
world,2008,46.06112
world,2009,45.34031
world,2010,43.05847
world,2011,40.3431
world,2012,38.85466
world,2013,36.90458
world,2014,35.26032
world,2015,33.63094
world,2016,32.30698
world,2017,31.15551
world,2018,29.62945
world,2019,27.15285
world,2020,28.695
world,2021,24.94235
world,2022,25.5423
