global,time,nv_agr_totl_zs
world,1995,7.59616
world,1996,7.51743
world,1997,5.61285
world,1998,5.45793
world,1999,5.20968
world,2000,4.85598
world,2001,4.76545
world,2002,4.6544
world,2003,4.52261
world,2004,4.43347
world,2005,4.06249
world,2006,3.80609
world,2007,3.76104
world,2008,3.73799
world,2009,3.68594
world,2010,3.66238
world,2011,3.70053
world,2012,3.6375
world,2013,3.68896
world,2014,3.58944
world,2015,3.51778
world,2016,3.4772
world,2017,3.44235
world,2018,3.27198
