global,time,sh_alc_pcap_li
world,2000,5.10884
world,2005,5.00609
world,2010,5.72046
world,2015,5.89423
world,2019,5.43478
