global,time,sh_sta_smss_ur_zs
world,2000,49.54276
world,2001,49.53504
world,2002,49.53268
world,2003,50.08867
world,2004,50.73269
world,2005,51.3734
world,2006,52.05197
world,2007,52.8168
world,2008,53.59757
world,2009,54.41872
world,2010,55.2515
world,2011,56.09101
world,2012,56.99354
world,2013,57.92001
world,2014,58.87361
world,2015,59.85243
world,2016,60.84137
world,2017,61.84027
world,2018,62.83779
world,2019,63.80474
world,2020,64.12106
world,2021,64.5192
world,2022,64.77038
