global,time,gc_xpn_othr_zs
world,2003,5.48908
world,2004,6.28971
world,2005,5.73334
world,2006,6.1908
world,2007,6.54672
world,2008,6.25444
world,2009,6.20211
world,2010,6.24374
world,2011,6.52013
world,2012,6.42983
world,2013,6.26714
world,2014,6.29524
world,2015,5.96335
world,2016,5.72327
world,2017,5.55419
world,2018,6.08305
world,2019,5.64607
world,2020,5.91212
world,2021,6.12857
world,2022,7.30373
