global,time,sh_dyn_ncom_zs
world,2000,22.89201
world,2001,22.60291
world,2002,22.48573
world,2003,22.27602
world,2004,21.81688
world,2005,21.53424
world,2006,21.09427
world,2007,20.80636
world,2008,20.63603
world,2009,20.39123
world,2010,20.24567
world,2011,20.00672
world,2012,19.74908
world,2013,19.29556
world,2014,19.02921
world,2015,18.9713
world,2016,18.88916
world,2017,18.59149
world,2018,18.41345
world,2019,18.27369
