global,time,sh_sta_odfc_zs
world,2000,22.05663
world,2001,21.23039
world,2002,20.42354
world,2003,19.68763
world,2004,18.94639
world,2005,18.14385
world,2006,17.12997
world,2007,16.38059
world,2008,15.63009
world,2009,14.86725
world,2010,14.1035
world,2011,13.42085
world,2012,12.65553
world,2013,11.88658
world,2014,11.12381
world,2015,10.41131
world,2016,9.65228
world,2017,9.05242
