global,time,sh_dyn_ncom_ma_zs
world,2000,27.26527
world,2001,26.882
world,2002,26.64071
world,2003,26.39464
world,2004,25.89821
world,2005,25.61118
world,2006,25.12031
world,2007,24.88584
world,2008,24.78442
world,2009,24.57042
world,2010,24.42096
world,2011,24.12086
world,2012,23.79419
world,2013,23.23951
world,2014,22.82471
world,2015,22.72706
world,2016,22.60927
world,2017,22.19914
world,2018,21.95016
world,2019,21.73801
