global,time,fb_atm_totl_p5
world,2004,18.29055
world,2005,16.06175
world,2006,19.25184
world,2007,25.83049
world,2008,27.54743
world,2009,28.84342
world,2010,31.32265
world,2011,30.95444
world,2012,35.72911
world,2013,38.63735
world,2014,35.33364
world,2015,36.19916
world,2016,37.08168
world,2017,37.74484
world,2018,38.21099
world,2019,40.72993
world,2020,41.23987
world,2021,39.69147
