global,time,sl_emp_totl_sp_ne_zs
world,2000,60.78862
world,2005,61.02966
world,2010,58.95367
world,2011,60.20112
world,2012,58.74321
world,2013,60.98499
world,2014,60.42818
world,2015,60.84247
world,2016,60.38937
world,2017,60.34289
world,2018,56.93787
world,2019,57.47513
