global,time,sh_dyn_ncom_ma_zs
world,2000,26.16321
world,2005,24.32543
world,2010,23.01486
world,2015,22.18891
world,2016,21.95775
