global,time,er_h2o_fwtl_zs
world,2014,9.10154
world,2015,9.11767
world,2016,9.18536
world,2017,9.26508
world,2018,9.25005
world,2019,9.26768
