global,time,it_net_secr_p6
world,2010,187.25311
world,2011,238.87768
world,2012,325.23543
world,2013,370.94083
world,2014,450.37503
world,2015,573.52892
world,2016,1267.72237
world,2017,3519.69919
world,2018,6172.80979
