global,time,iq_wef_cust_xq
world,2007,3.88277
world,2008,3.87798
world,2009,4.05542
world,2010,4.19846
world,2011,4.12394
world,2012,4.0875
world,2013,4.06757
world,2014,4.06042
world,2015,4.0644
world,2016,4.06714
world,2017,4.18978
