global,time,sh_sgr_irsk_zs
world,2003,40.29964
world,2004,38.60415
world,2005,37.51855
world,2006,35.30654
world,2007,33.22845
world,2008,31.53166
world,2009,30.27943
world,2010,28.8206
world,2011,26.88651
world,2012,26.15765
world,2013,23.25589
world,2014,22.33814
world,2015,21.49531
world,2016,20.71899
world,2017,19.72101
world,2018,18.50358
world,2019,18.14792
world,2020,17.27501
