global,time,nv_srv_totl_kd_zg
world,1998,3.09891
world,1999,3.38878
world,2000,4.11518
world,2001,2.72766
world,2002,2.53102
world,2003,2.52545
world,2004,3.67541
world,2005,4.02812
world,2006,3.97323
world,2007,4.13573
world,2008,2.145
world,2009,-0.42104
world,2010,3.18209
world,2011,2.99224
world,2012,2.78719
world,2013,2.48986
world,2014,2.74665
world,2015,2.84401
world,2016,2.52951
world,2017,3.11855
world,2018,3.09503
world,2019,2.91166
