global,time,sl_tlf_cact_ne_zs
world,2000,64.41401
world,2001,65.09651
world,2005,64.28687
world,2006,64.31031
world,2009,64.35158
world,2010,61.77686
world,2011,64.01021
world,2012,61.83293
world,2013,64.12264
world,2015,64.34474
