global,time,sh_imm_hepb
world,2003,72.33658
world,2004,58.61207
world,2005,60.53978
world,2006,64.12674
world,2007,65.25362
world,2008,70.92537
world,2009,74.81746
world,2010,74.42347
world,2011,76.33236
world,2012,81.99396
world,2013,81.04582
world,2014,82.9376
world,2015,84.51179
world,2016,86.15004
world,2017,85.64683
world,2018,84.91819
