global,time,ic_exp_tmdc
world,2014,54.8615
world,2015,53.81436
world,2016,52.76915
world,2017,50.96596
world,2018,48.275
