global,time,dt_nfl_faog_cd
world,2013,452216583.25195
world,2014,0
world,2015,0
world,2016,0
world,2017,447541748.04688
world,2018,397066802.97852
