global,time,se_sec_tcaq_lo_ma_zs
world,2015,84.37434
world,2016,82.41876
world,2017,82.41783
world,2018,82.20883
world,2019,82.43182
world,2020,82.62053
world,2021,84.20966
world,2022,84.28303
