global,time,nv_srv_totl_kd_zg
world,1998,3.29687
world,1999,3.59275
world,2000,4.18701
world,2001,2.798
world,2002,2.66356
world,2003,2.68535
world,2004,3.89068
world,2005,4.21277
world,2006,4.14266
world,2007,4.32066
world,2008,2.34662
world,2009,-0.17036
world,2010,3.44256
world,2011,3.21439
world,2012,2.85885
world,2013,2.70543
world,2014,3.04673
world,2015,3.1501
world,2016,2.84614
world,2017,3.34731
world,2018,3.31881
world,2019,2.95459
